Date_Time,Irradiance_61,Voltage,Current,Amb_Temp,wind_speed,Observed_Temp of Shaded Cell,Bias_V,Reverse_Bias_I (Shaded Cell),Reverse_Bias_V (Shaded Cell),Shade_Percentage,Middle_Temp
2025-09-14T12:06:10,989.21,"[0.0, 2.996794, 2.999425, 3.428385, 3.638917, 3.846159, 4.059323, 4.267882, 4.475782, 4.686314, 4.895531, 5.108037, 5.320543, 5.525154, 5.733054, 5.946875, 6.148855, 6.358071, 6.569262, 6.779794, 6.990326, 7.198885, 7.406126, 7.619291, 7.820612, 8.031802, 8.241676, 8.452866, 8.66274, 8.869325, 9.079858, 9.291705, 9.496317, 9.704217, 9.916723, 10.123307, 10.335814, 10.546346, 10.75293, 10.960831, 11.164125, 11.374658, 11.589796, 11.795722, 12.003623, 12.21284, 12.422713, 12.631272, 12.83983, 13.052172, 13.258922, 13.464189, 13.674721, 13.886569, 14.095128, 14.302371, 14.511586, 14.722777, 14.928047, 15.138579, 15.348453, 15.555037, 15.766228, 15.97347, 16.175449, 16.385323, 16.587961, 16.795203, 16.995209, 17.20574, 17.404433, 17.610358, 17.805099, 18.003133, 18.20511, 18.399194, 18.595911, 18.786705, 18.977499, 19.170927, 19.356458, 19.538043, 19.717653, 19.897263, 20.072267, 20.242009, 20.411752, 20.580835, 20.74597, 20.908476, 21.068349, 21.219011, 21.375594, 21.523624, 21.672311, 21.822316, 21.963109, 22.104561, 22.247328, 22.388779, 22.525624, 22.660498, 22.805898, 22.987482, 23.193407, 23.400648, 23.611839, 23.820398, 24.028958, 24.230936, 24.440152, 24.645421, 24.849374, 25.059906, 25.268465, 25.478339, 25.68295, 25.889536, 26.096121, 26.300073, 26.504025, 26.713898, 26.922458, 27.128384, 27.334311, 27.540897, 27.750113, 27.956039, 28.163281, 28.375131, 28.582373, 28.7883, 28.998175, 29.204758, 29.421213, 29.62319, 29.836355, 30.044257, 30.254788, 30.464001, 30.676511, 30.880463, 31.090994, 31.294946, 31.508771, 31.719962, 31.924573, 32.137732, 32.349582, 32.554193, 32.768018, 32.97131, 33.18053, 33.389743, 33.601593, 33.810153, 34.022656, 34.23187, 34.43714, 34.640436, 34.801627, 34.956891, 35.100317, 35.245056, 35.391113, 35.529276, 35.671384, 35.813496, 35.949683, 36.08653, 36.219424, 36.349695, 36.483908, 36.618121, 36.747073, 36.876682, 37.004318, 37.135242, 37.263538, 37.395117, 37.443146]","[10.130262, 10.130262, 10.157452, 10.166516, 10.164099, 10.165308, 10.165912, 10.167121, 10.163495, 10.16833, 10.164099, 10.16712, 10.16712, 10.168934, 10.16833, 10.16833, 10.167725, 10.165308, 10.167272, 10.162891, 10.166516, 10.165308, 10.16712, 10.164099, 10.162891, 10.162286, 10.161682, 10.164099, 10.165913, 10.160474, 10.162286, 10.160474, 10.165913, 10.162286, 10.161682, 10.164703, 10.161078, 10.163495, 10.162891, 10.160474, 10.162286, 10.159869, 10.159265, 10.160474, 10.158057, 10.158661, 10.156244, 10.156244, 10.157452, 10.155942, 10.156244, 10.154431, 10.156848, 10.156848, 10.154431, 10.153223, 10.155035, 10.150201, 10.152618, 10.145972, 10.144159, 10.138116, 10.133282, 10.12301, 10.121198, 10.107904, 10.090985, 10.080109, 10.06319, 10.042645, 10.021497, 9.995514, 9.963489, 9.927837, 9.893395, 9.848077, 9.794299, 9.739765, 9.674657, 9.59973, 9.519969, 9.431144, 9.333255, 9.22449, 9.103036, 8.979164, 8.842604, 8.694563, 8.538666, 8.368266, 8.191826, 8.004508, 7.810543, 7.60389, 7.389986, 7.167621, 6.936797, 6.70416, 6.460648, 6.209884, 5.962141, 5.714398, 5.488408, 5.403813, 5.397166, 5.387498, 5.378435, 5.372392, 5.364537, 5.35789, 5.348827, 5.343993, 5.33372, 5.327074, 5.316197, 5.311363, 5.305925, 5.294444, 5.287193, 5.28115, 5.272691, 5.264231, 5.256981, 5.246104, 5.239457, 5.230998, 5.226164, 5.220121, 5.214079, 5.215287, 5.211058, 5.209849, 5.210453, 5.209245, 5.208641, 5.208036, 5.20713, 5.209245, 5.209849, 5.208641, 5.208036, 5.205015, 5.209245, 5.205619, 5.206828, 5.207432, 5.211058, 5.207432, 5.208036, 5.208641, 5.208641, 5.207432, 5.209245, 5.211662, 5.207432, 5.211058, 5.207432, 5.209245, 5.212266, 5.18447, 5.025552, 4.823733, 4.606202, 4.383234, 4.143951, 3.905272, 3.662363, 3.414016, 3.162648, 2.90705, 2.644201, 2.379539, 2.110043, 1.844777, 1.566218, 1.292492, 1.012724, 0.727518, 0.441707, 0.152875, 0.038068]",27.16882,3.404462,82.4,5,5.42,-10.55,49.0,44.11791
2025-09-14T12:08:10,992.72,"[0.0, 3.009952, 3.009952, 3.280354, 3.494176, 3.702734, 3.913924, 4.119851, 4.329725, 4.538284, 4.745527, 4.959348, 5.16988, 5.374492, 5.58305, 5.796214, 6.006088, 6.210699, 6.420573, 6.630447, 6.839006, 7.050196, 7.257438, 7.467313, 7.67916, 7.883114, 8.093645, 8.304836, 8.514053, 8.720636, 8.931827, 9.143018, 9.354865, 9.556844, 9.771983, 9.976593, 10.187125, 10.397658, 10.606215, 10.814774, 11.025306, 11.233207, 11.44045, 11.647034, 11.860197, 12.069414, 12.277972, 12.483899, 12.695089, 12.902989, 13.113522, 13.326027, 13.531955, 13.741829, 13.94973, 14.163551, 14.366846, 14.580011, 14.783305, 14.997786, 15.203055, 15.409637, 15.614908, 15.827414, 16.033998, 16.239925, 16.44651, 16.651779, 16.853757, 17.060342, 17.266927, 17.465616, 17.670227, 17.866287, 18.065633, 18.264323, 18.459065, 18.651834, 18.851181, 19.040002, 19.229482, 19.416988, 19.593965, 19.776207, 19.955817, 20.132797, 20.30188, 20.474252, 20.639553, 20.802551, 20.961766, 21.123613, 21.277565, 21.42691, 21.579546, 21.726918, 21.872316, 22.013768, 22.15522, 22.297331, 22.440097, 22.572995, 22.715762, 22.870372, 23.073668, 23.282225, 23.486838, 23.698686, 23.903952, 24.111195, 24.320412, 24.525023, 24.729634, 24.935562, 25.14346, 25.351361, 25.556631, 25.765189, 25.971771, 26.174246, 26.386258, 26.596133, 26.797455, 27.006012, 27.210623, 27.415237, 27.625766, 27.834326, 28.037619, 28.246835, 28.45737, 28.666586, 28.874487, 29.085019, 29.294894, 29.506082, 29.711353, 29.917935, 30.129782, 30.339001, 30.54953, 30.760065, 30.968622, 31.180469, 31.386398, 31.59364, 31.806146, 32.011578, 32.222604, 32.43511, 32.645642, 32.858807, 33.060129, 33.266711, 33.478561, 33.688437, 33.894363, 34.102261, 34.312793, 34.521353, 34.702936, 34.856232, 35.012155, 35.150977, 35.299008, 35.442432, 35.583881, 35.725333, 35.863495, 35.997711, 36.133896, 36.271399, 36.402328, 36.536539, 36.668124, 36.797073, 36.929974, 37.054977, 37.186886, 37.308929, 37.437881, 37.478671]","[10.172559, 10.172559, 10.202168, 10.196125, 10.199146, 10.199751, 10.199146, 10.201563, 10.195521, 10.199751, 10.199146, 10.196125, 10.201563, 10.198542, 10.200355, 10.200355, 10.198542, 10.198542, 10.197334, 10.199751, 10.197938, 10.198542, 10.197334, 10.199146, 10.196729, 10.194312, 10.194917, 10.196729, 10.196729, 10.19673, 10.194312, 10.195521, 10.194312, 10.195521, 10.194917, 10.194917, 10.191291, 10.190083, 10.194917, 10.194312, 10.190687, 10.194917, 10.18827, 10.191291, 10.191895, 10.191291, 10.190687, 10.18827, 10.191895, 10.189478, 10.193104, 10.18827, 10.191291, 10.191895, 10.1925, 10.18827, 10.1925, 10.191291, 10.187666, 10.185249, 10.181019, 10.177998, 10.173768, 10.16833, 10.161079, 10.153827, 10.141742, 10.129053, 10.110925, 10.090985, 10.071649, 10.048083, 10.023309, 9.993701, 9.956238, 9.913335, 9.876476, 9.820885, 9.761065, 9.69641, 9.6239, 9.541722, 9.449271, 9.352591, 9.2402, 9.120559, 8.997292, 8.851668, 8.703475, 8.545917, 8.376726, 8.19666, 8.008134, 7.811147, 7.603286, 7.392403, 7.1646, 6.934985, 6.701743, 6.457626, 6.213509, 5.963953, 5.721649, 5.533123, 5.511974, 5.503514, 5.494451, 5.488408, 5.482366, 5.475115, 5.465447, 5.458196, 5.449132, 5.441881, 5.434026, 5.426775, 5.415899, 5.407439, 5.402, 5.38916, 5.385686, 5.377831, 5.367558, 5.357286, 5.347014, 5.340971, 5.334325, 5.330095, 5.319218, 5.321031, 5.316801, 5.314989, 5.317406, 5.316197, 5.314384, 5.315593, 5.314989, 5.314989, 5.315593, 5.316197, 5.318614, 5.317406, 5.319823, 5.323448, 5.319218, 5.316197, 5.31801, 5.318916, 5.32224, 5.320427, 5.321635, 5.32224, 5.322844, 5.321635, 5.319823, 5.321031, 5.322844, 5.317406, 5.318614, 5.316197, 5.223143, 5.038846, 4.822524, 4.601368, 4.372358, 4.139117, 3.898021, 3.653904, 3.404348, 3.149958, 2.894965, 2.632116, 2.363828, 2.091916, 1.824837, 1.549299, 1.271948, 0.986741, 0.707729, 0.419954, 0.129914, 0.036859]",27.24812,2.778292,81.5,5,5.53,-10.51,48.0,44.37752
2025-09-14T12:09:10,993.33,"[0.0, 3.013242, 3.013242, 3.441543, 3.651417, 3.859975, 4.069192, 4.275776, 4.485651, 4.69421, 4.905399, 5.114616, 5.323832, 5.531733, 5.743581, 5.954113, 6.160039, 6.370572, 6.577814, 6.78703, 6.996247, 7.206779, 7.417311, 7.627843, 7.829823, 8.041671, 8.250229, 8.462077, 8.669978, 8.877878, 9.084463, 9.302232, 9.504869, 9.714086, 9.921328, 10.131202, 10.345024, 10.553583, 10.764773, 10.974647, 11.17531, 11.387157, 11.597033, 11.805591, 12.016781, 12.225997, 12.434556, 12.641798, 12.849699, 13.054309, 13.270105, 13.476033, 13.689854, 13.899728, 14.10697, 14.316846, 14.522772, 14.735278, 14.943178, 15.149762, 15.357005, 15.566222, 15.775438, 15.982681, 16.185976, 16.393219, 16.598486, 16.805074, 17.009024, 17.214294, 17.415614, 17.618253, 17.814969, 18.016289, 18.212349, 18.412354, 18.603806, 18.798547, 18.991975, 19.180797, 19.370274, 19.545279, 19.72818, 19.907132, 20.084109, 20.257141, 20.42491, 20.58873, 20.755182, 20.918344, 21.078874, 21.233484, 21.382172, 21.533493, 21.682182, 21.83087, 21.97298, 22.113773, 22.257196, 22.392726, 22.534837, 22.677603, 22.824319, 23.013138, 23.217751, 23.424994, 23.635526, 23.841452, 24.047379, 24.258568, 24.459891, 24.669107, 24.873717, 25.082275, 25.286887, 25.50005, 25.702029, 25.913876, 26.117172, 26.323099, 26.528698, 26.73956, 26.946143, 27.150754, 27.356021, 27.563922, 27.773798, 27.975778, 28.186969, 28.393552, 28.602768, 28.815274, 29.026465, 29.233047, 29.444238, 29.646878, 29.858722, 30.065308, 30.276498, 30.48374, 30.69559, 30.904147, 31.111392, 31.321921, 31.527191, 31.737067, 31.947598, 32.16142, 32.370964, 32.574588, 32.787094, 32.994336, 33.201581, 33.411453, 33.62067, 33.83186, 34.036472, 34.252267, 34.454904, 34.65228, 34.810178, 34.959525, 35.108868, 35.251639, 35.393088, 35.535855, 35.677304, 35.813495, 35.952313, 36.085873, 36.225348, 36.355615, 36.48588, 36.618121, 36.750363, 36.882605, 37.010898, 37.138531, 37.265509, 37.393307, 37.446436]","[10.175192, 10.175192, 10.200569, 10.199965, 10.19634, 10.198757, 10.20057, 10.20057, 10.199361, 10.201174, 10.199361, 10.197549, 10.20057, 10.20057, 10.198757, 10.201778, 10.199361, 10.197549, 10.197549, 10.19634, 10.199966, 10.195132, 10.198153, 10.19634, 10.195132, 10.195736, 10.19634, 10.19634, 10.197549, 10.19634, 10.195132, 10.191507, 10.194528, 10.195585, 10.19634, 10.195132, 10.192715, 10.195736, 10.193923, 10.195132, 10.193923, 10.192715, 10.19332, 10.19211, 10.192715, 10.192715, 10.190903, 10.193319, 10.193319, 10.191507, 10.194527, 10.190902, 10.192715, 10.19634, 10.192111, 10.192715, 10.189693, 10.192715, 10.187276, 10.186069, 10.18486, 10.175192, 10.168546, 10.164317, 10.154649, 10.144377, 10.131084, 10.113561, 10.097851, 10.076703, 10.053139, 10.026553, 10.00057, 9.963108, 9.923229, 9.881538, 9.831991, 9.772173, 9.705708, 9.635013, 9.554047, 9.464621, 9.366736, 9.255558, 9.137733, 9.017493, 8.874895, 8.726254, 8.569759, 8.399972, 8.22535, 8.036227, 7.839853, 7.635624, 7.420519, 7.199976, 6.967953, 6.735929, 6.493634, 6.248922, 5.998167, 5.754663, 5.544392, 5.477927, 5.471281, 5.465842, 5.461009, 5.451945, 5.44409, 5.434422, 5.426568, 5.423547, 5.413879, 5.40542, 5.394544, 5.392731, 5.380646, 5.372188, 5.364333, 5.354665, 5.347414, 5.338955, 5.330495, 5.323245, 5.314786, 5.305118, 5.300284, 5.296055, 5.291221, 5.290617, 5.2882, 5.286387, 5.28397, 5.283366, 5.281553, 5.277928, 5.280345, 5.281553, 5.280949, 5.279136, 5.282762, 5.280949, 5.280344, 5.280949, 5.280949, 5.279741, 5.280949, 5.280949, 5.279438, 5.275511, 5.277324, 5.278532, 5.279136, 5.277324, 5.276719, 5.275511, 5.277928, 5.279136, 5.278532, 5.226569, 5.0453, 4.84228, 4.619924, 4.390922, 4.15769, 3.917207, 3.677329, 3.42597, 3.173403, 2.917815, 2.656789, 2.390928, 2.127485, 1.858604, 1.579451, 1.303923, 1.021749, 0.737762, 0.45015, 0.161631, 0.040483]",26.99375,1.411265,81.6,5,5.51,-10.53,48.0,44.86721
2025-09-14T12:14:10,997.45,"[0.0, 3.0264, 3.031663, 3.454043, 3.666549, 3.87116, 4.083666, 4.292225, 4.49552, 4.705394, 4.921189, 5.128432, 5.338306, 5.550154, 5.756739, 5.967929, 6.174514, 6.383072, 6.595578, 6.800847, 7.012037, 7.219937, 7.431786, 7.640344, 7.844955, 8.054829, 8.265361, 8.477209, 8.679846, 8.894326, 9.1042, 9.314732, 9.520659, 9.732507, 9.93975, 10.149624, 10.359498, 10.571346, 10.773983, 10.985173, 11.193074, 11.403606, 11.612165, 11.818749, 12.033887, 12.239813, 12.450346, 12.662852, 12.867462, 13.075363, 13.284579, 13.493138, 13.70038, 13.914203, 14.120787, 14.330003, 14.536588, 14.747121, 14.955679, 15.165553, 15.372795, 15.581354, 15.791228, 15.995839, 16.203082, 16.409009, 16.613618, 16.820862, 17.026788, 17.228767, 17.430748, 17.636015, 17.830101, 18.028789, 18.231427, 18.426828, 18.620911, 18.815654, 19.002501, 19.195927, 19.382774, 19.559096, 19.736731, 19.918974, 20.093321, 20.268326, 20.436752, 20.60123, 20.763077, 20.926898, 21.087428, 21.233484, 21.3927, 21.541718, 21.684813, 21.832185, 21.978242, 22.119693, 22.257854, 22.397989, 22.532861, 22.674313, 22.819055, 22.995375, 23.204591, 23.40986, 23.617761, 23.82632, 24.038167, 24.24278, 24.442126, 24.653973, 24.863191, 25.067143, 25.27307, 25.482945, 25.690845, 25.899405, 26.103357, 26.310599, 26.513235, 26.721136, 26.929037, 27.131674, 27.341219, 27.546817, 27.754718, 27.959329, 28.169861, 28.381052, 28.592239, 28.800143, 29.008701, 29.217917, 29.427792, 29.633719, 29.845566, 30.051492, 30.263339, 30.46861, 30.675851, 30.890332, 31.100864, 31.306134, 31.517981, 31.722592, 31.935095, 32.143655, 32.353531, 32.562747, 32.773935, 32.977234, 33.185791, 33.397638, 33.606195, 33.819195, 34.024631, 34.236478, 34.448984, 34.64241, 34.802286, 34.95097, 35.095712, 35.243741, 35.38519, 35.523355, 35.664807, 35.805603, 35.942444, 36.07666, 36.213507, 36.344431, 36.475357, 36.607596, 36.738519, 36.870761, 37.000369, 37.128665, 37.251694, 37.378668, 37.407617]","[10.225771, 10.225771, 10.242084, 10.239063, 10.242688, 10.240271, 10.243292, 10.240271, 10.241479, 10.241479, 10.237854, 10.239062, 10.242084, 10.236646, 10.243896, 10.244501, 10.242084, 10.239667, 10.237855, 10.237854, 10.240875, 10.240271, 10.237854, 10.240271, 10.238458, 10.239063, 10.23725, 10.237854, 10.237854, 10.236646, 10.236646, 10.238458, 10.240271, 10.237854, 10.236646, 10.240271, 10.240271, 10.242084, 10.240271, 10.242084, 10.242084, 10.243896, 10.240271, 10.239667, 10.239062, 10.240271, 10.241479, 10.237251, 10.240271, 10.239062, 10.239062, 10.233625, 10.235437, 10.235438, 10.234834, 10.234229, 10.231208, 10.23, 10.229396, 10.23, 10.224562, 10.222749, 10.219125, 10.210666, 10.202812, 10.193145, 10.179249, 10.16656, 10.150852, 10.13031, 10.102518, 10.082579, 10.048141, 10.010683, 9.970806, 9.924284, 9.874137, 9.820364, 9.747259, 9.675362, 9.589568, 9.502565, 9.398042, 9.288081, 9.169057, 9.039763, 8.901405, 8.751568, 8.587231, 8.422289, 8.239222, 8.051926, 7.853754, 7.647427, 7.429619, 7.206072, 6.978296, 6.740248, 6.496763, 6.249049, 6.001938, 5.751203, 5.521614, 5.427362, 5.417091, 5.409236, 5.408028, 5.393528, 5.383861, 5.382652, 5.37661, 5.368152, 5.361506, 5.350027, 5.341568, 5.334318, 5.323442, 5.31438, 5.310151, 5.301692, 5.289004, 5.282963, 5.2739, 5.265441, 5.260155, 5.252753, 5.247316, 5.244295, 5.241878, 5.241274, 5.235836, 5.23644, 5.232815, 5.235836, 5.234024, 5.235836, 5.232815, 5.231607, 5.230399, 5.23342, 5.229795, 5.228586, 5.228586, 5.231607, 5.231607, 5.228586, 5.229794, 5.22919, 5.226169, 5.224357, 5.222544, 5.225565, 5.22617, 5.227378, 5.227982, 5.228435, 5.225565, 5.22919, 5.227378, 5.183273, 5.010477, 4.806263, 4.586341, 4.357356, 4.12233, 3.88247, 3.634151, 3.385833, 3.135702, 2.876508, 2.613085, 2.352683, 2.079593, 1.812544, 1.5316, 1.254885, 0.976357, 0.690579, 0.401781, 0.112982, 0.045314]",27.17725,3.404462,90.7,10,5.46,-10.51,49.0,44.88346
2025-09-14T12:15:10,998.06,"[0.0, 2.986925, 2.988899, 3.416542, 3.627074, 3.833659, 4.042875, 4.254723, 4.463282, 4.67184, 4.881714, 5.091589, 5.300147, 5.510679, 5.717922, 5.933059, 6.133723, 6.350176, 6.556761, 6.765977, 6.975194, 7.182436, 7.394284, 7.6035, 7.807454, 8.017986, 8.222597, 8.437076, 8.646293, 8.852219, 9.065383, 9.273942, 9.476579, 9.691717, 9.901591, 10.111465, 10.320023, 10.527266, 10.738457, 10.944383, 11.1536, 11.362815, 11.578612, 11.780591, 11.993754, 12.203628, 12.415476, 12.622719, 12.822725, 13.033257, 13.247078, 13.459586, 13.66617, 13.874727, 14.087892, 14.294476, 14.496455, 14.706987, 14.922125, 15.127394, 15.337926, 15.545169, 15.755043, 15.958995, 16.164923, 16.372165, 16.576118, 16.780072, 16.987971, 17.19324, 17.392589, 17.599173, 17.800659, 17.993263, 18.193268, 18.391959, 18.582753, 18.777495, 18.967632, 19.154478, 19.342642, 19.519621, 19.707126, 19.884763, 20.061742, 20.2328, 20.403197, 20.568993, 20.733472, 20.894659, 21.053874, 21.205852, 21.359804, 21.507834, 21.657838, 21.805869, 21.949953, 22.089429, 22.234827, 22.373648, 22.512466, 22.647998, 22.804581, 23.000639, 23.207881, 23.415782, 23.622366, 23.830269, 24.034879, 24.244753, 24.446072, 24.652658, 24.852008, 25.062538, 25.265833, 25.473732, 25.681635, 25.886246, 26.091513, 26.295468, 26.500735, 26.707321, 26.915222, 27.113254, 27.323126, 27.530368, 27.740903, 27.941565, 28.152756, 28.358023, 28.570529, 28.782049, 28.989621, 29.196207, 29.408713, 29.612665, 29.82583, 30.033728, 30.246234, 30.448215, 30.661377, 30.865988, 31.080469, 31.288367, 31.495612, 31.706799, 31.916016, 32.122601, 32.335107, 32.543008, 32.754199, 32.962756, 33.168686, 33.375928, 33.586459, 33.798965, 34.002917, 34.214767, 34.423981, 34.629907, 34.792413, 34.93913, 35.088966, 35.237164, 35.379932, 35.517435, 35.655597, 35.801654, 35.937183, 36.074686, 36.210873, 36.339825, 36.474698, 36.608914, 36.737863, 36.865497, 36.997736, 37.127347, 37.255637, 37.380646, 37.41683]","[10.22275, 10.22275, 10.243292, 10.24873, 10.245104, 10.243896, 10.242688, 10.248125, 10.246917, 10.245104, 10.244501, 10.245104, 10.24873, 10.246917, 10.245708, 10.242688, 10.244501, 10.241479, 10.242688, 10.242084, 10.242084, 10.245708, 10.245104, 10.244501, 10.243896, 10.240875, 10.243896, 10.242084, 10.242084, 10.245105, 10.240271, 10.239062, 10.242084, 10.240875, 10.240271, 10.242084, 10.242084, 10.238458, 10.242688, 10.239667, 10.238459, 10.239667, 10.239062, 10.236646, 10.237854, 10.237855, 10.23725, 10.236042, 10.235438, 10.236646, 10.23725, 10.238458, 10.236646, 10.236646, 10.234229, 10.236646, 10.233625, 10.232417, 10.233625, 10.237854, 10.23, 10.226375, 10.221542, 10.214291, 10.205228, 10.192541, 10.184083, 10.167165, 10.149644, 10.130914, 10.107352, 10.077142, 10.050558, 10.016119, 9.973223, 9.92791, 9.879575, 9.818552, 9.7533, 9.679591, 9.595006, 9.50619, 9.404687, 9.293519, 9.175099, 9.052451, 8.910468, 8.758818, 8.598106, 8.42531, 8.246472, 8.057967, 7.857984, 7.651958, 7.433244, 7.205468, 6.978295, 6.73904, 6.496763, 6.244819, 5.990459, 5.749995, 5.550615, 5.514666, 5.50651, 5.499863, 5.485967, 5.475696, 5.463008, 5.453341, 5.44307, 5.424341, 5.412257, 5.401382, 5.385674, 5.376006, 5.363923, 5.344589, 5.337339, 5.326464, 5.312568, 5.302296, 5.287796, 5.278129, 5.264837, 5.258191, 5.251545, 5.243691, 5.237045, 5.23644, 5.233419, 5.231456, 5.231607, 5.228586, 5.228586, 5.22617, 5.226774, 5.229795, 5.224961, 5.226773, 5.222544, 5.225565, 5.22617, 5.222544, 5.225565, 5.220127, 5.222544, 5.223148, 5.223753, 5.220732, 5.22194, 5.220732, 5.220732, 5.225565, 5.218315, 5.223148, 5.222544, 5.220732, 5.224357, 5.198377, 5.043707, 4.837077, 4.619722, 4.389378, 4.153143, 3.913887, 3.666173, 3.416042, 3.159265, 2.906112, 2.640273, 2.368995, 2.100135, 1.828857, 1.553955, 1.271198, 0.98542, 0.702663, 0.412656, 0.12567, 0.041689]",27.14147,2.063804,88.8,10,5.55,-10.49,49.0,44.65374
2025-09-14T12:16:10,998.97,"[0.0, 2.963898, 2.965872, 3.396805, 3.605363, 3.815237, 4.027085, 4.233012, 4.440913, 4.650787, 4.862635, 5.075141, 5.281725, 5.48831, 5.700816, 5.909375, 6.114643, 6.327807, 6.535708, 6.745583, 6.952824, 7.165989, 7.374547, 7.582448, 7.785742, 7.998907, 8.211412, 8.421944, 8.625239, 8.833798, 9.042357, 9.259468, 9.46342, 9.672636, 9.879881, 10.09107, 10.298312, 10.508844, 10.717403, 10.927277, 11.131889, 11.339789, 11.554926, 11.762827, 11.977965, 12.180602, 12.392449, 12.601666, 12.806277, 13.018124, 13.226025, 13.435242, 13.646431, 13.853674, 14.063548, 14.274081, 14.479843, 14.692514, 14.896466, 15.10963, 15.320163, 15.530037, 15.735306, 15.944522, 16.148474, 16.353743, 16.559669, 16.765598, 16.965602, 17.174162, 17.378113, 17.582726, 17.777466, 17.976157, 18.173531, 18.371564, 18.564989, 18.758417, 18.951843, 19.142638, 19.325537, 19.509752, 19.685416, 19.871603, 20.047432, 20.218324, 20.386092, 20.556491, 20.718338, 20.878212, 21.038084, 21.18743, 21.347304, 21.497966, 21.647969, 21.792709, 21.937451, 22.074956, 22.217722, 22.357201, 22.49339, 22.640102, 22.798659, 22.998009, 23.203276, 23.408545, 23.622366, 23.830927, 24.030931, 24.240805, 24.451337, 24.653975, 24.858586, 25.063196, 25.272412, 25.477022, 25.690845, 25.89743, 26.102698, 26.305334, 26.51192, 26.717847, 26.928381, 27.136279, 27.34155, 27.546158, 27.755374, 27.963278, 28.168542, 28.379077, 28.587637, 28.794879, 29.004752, 29.215286, 29.425815, 29.629114, 29.838986, 30.046887, 30.257419, 30.46532, 30.678485, 30.883093, 31.095599, 31.301855, 31.514691, 31.727197, 31.93049, 32.141684, 32.354843, 32.560773, 32.773935, 32.97789, 33.184476, 33.397638, 33.60751, 33.815414, 34.023972, 34.233844, 34.441745, 34.6332, 34.787152, 34.933865, 35.081238, 35.224664, 35.369403, 35.513489, 35.655597, 35.793097, 35.931918, 36.068106, 36.202319, 36.334561, 36.468118, 36.60365, 36.729309, 36.866156, 36.992474, 37.121426, 37.251035, 37.376041, 37.406302]","[10.208035, 10.208035, 10.234016, 10.231599, 10.233411, 10.232203, 10.235223, 10.234619, 10.23462, 10.232203, 10.233411, 10.229787, 10.231599, 10.232204, 10.229182, 10.229786, 10.234619, 10.234016, 10.23039, 10.231599, 10.234619, 10.229182, 10.22737, 10.23039, 10.228578, 10.231599, 10.227974, 10.232203, 10.229182, 10.227973, 10.228577, 10.229786, 10.228578, 10.229182, 10.228577, 10.228577, 10.227974, 10.229786, 10.227974, 10.226765, 10.226765, 10.223744, 10.223744, 10.221931, 10.222536, 10.222536, 10.224348, 10.224953, 10.222536, 10.218306, 10.222536, 10.223744, 10.221931, 10.217702, 10.219514, 10.22314, 10.22465, 10.22314, 10.221327, 10.221327, 10.22314, 10.218307, 10.213473, 10.207431, 10.20018, 10.191721, 10.176012, 10.163928, 10.143385, 10.124655, 10.10109, 10.073297, 10.043087, 10.007439, 9.96877, 9.916808, 9.872701, 9.81349, 9.747027, 9.67271, 9.591142, 9.501115, 9.405047, 9.288435, 9.167293, 9.039503, 8.902349, 8.75009, 8.589371, 8.416569, 8.238328, 8.0474, 7.847408, 7.639561, 7.422047, 7.193658, 6.963457, 6.728421, 6.479489, 6.232369, 5.979208, 5.73813, 5.553243, 5.5327, 5.527262, 5.516991, 5.512157, 5.504907, 5.491615, 5.486781, 5.480135, 5.468655, 5.458384, 5.448112, 5.44207, 5.433007, 5.41911, 5.415485, 5.407026, 5.394942, 5.391921, 5.378024, 5.368961, 5.356877, 5.350231, 5.339959, 5.333917, 5.330896, 5.329688, 5.32425, 5.323042, 5.32002, 5.316999, 5.321833, 5.316999, 5.321229, 5.319416, 5.317604, 5.316395, 5.316999, 5.319416, 5.318208, 5.316396, 5.31851, 5.316395, 5.319416, 5.318812, 5.315791, 5.315791, 5.317604, 5.319416, 5.317604, 5.318812, 5.317604, 5.317604, 5.318208, 5.317604, 5.316395, 5.316395, 5.242078, 5.053566, 4.842094, 4.620956, 4.385316, 4.148468, 3.907391, 3.659062, 3.407713, 3.14851, 2.894139, 2.63131, 2.363044, 2.091152, 1.81926, 1.539513, 1.258558, 0.971561, 0.689397, 0.398171, 0.107548, 0.044711]",27.00901,1.01841,92.5,10,5.56,-10.48,48.0,46.1188
2025-09-14T12:26:10,1005.38,"[0.0, 2.973767, 2.97903, 3.219168, 3.429043, 3.635627, 3.840238, 4.046823, 4.253408, 4.458018, 4.663287, 4.869872, 5.077115, 5.283699, 5.490284, 5.701474, 5.899506, 6.103459, 6.315307, 6.521233, 6.722555, 6.927824, 7.139672, 7.33902, 7.548894, 7.748241, 7.958116, 8.162069, 8.369312, 8.571948, 8.775901, 8.985776, 9.191867, 9.389735, 9.596319, 9.805535, 10.009488, 10.217389, 10.420026, 10.628585, 10.832537, 11.041096, 11.242417, 11.450317, 11.656245, 11.860855, 12.066124, 12.270078, 12.477321, 12.685879, 12.881279, 13.096416, 13.296422, 13.503665, 13.714197, 13.917491, 14.125392, 14.327371, 14.533955, 14.737251, 14.941203, 15.146474, 15.3524, 15.559644, 15.768201, 15.970839, 16.171501, 16.374797, 16.576118, 16.778755, 16.975471, 17.174818, 17.375482, 17.574173, 17.76694, 17.956419, 18.147871, 18.336694, 18.528806, 18.712361, 18.900525, 19.079477, 19.257773, 19.437383, 19.604492, 19.77818, 19.943317, 20.113058, 20.276878, 20.440042, 20.593993, 20.750576, 20.907817, 21.053217, 21.197299, 21.345329, 21.49007, 21.634811, 21.772972, 21.908502, 22.049298, 22.184169, 22.321014, 22.469704, 22.662471, 22.866425, 23.064455, 23.267751, 23.471046, 23.676315, 23.884216, 24.086853, 24.284885, 24.49147, 24.690817, 24.892795, 25.097408, 25.298729, 25.503998, 25.709924, 25.917825, 26.119147, 26.319809, 26.519815, 26.725085, 26.926404, 27.127069, 27.333655, 27.534976, 27.742218, 27.93959, 28.152756, 28.358023, 28.562634, 28.761981, 28.97449, 29.179758, 29.388315, 29.588321, 29.793591, 30.001489, 30.207419, 30.413345, 30.617957, 30.829144, 31.03244, 31.239685, 31.444952, 31.647589, 31.856146, 32.060757, 32.264053, 32.473929, 32.681007, 32.887097, 33.085788, 33.291714, 33.49567, 33.706198, 33.911469, 34.11937, 34.297662, 34.452271, 34.600961, 34.740439, 34.88255, 35.021368, 35.161502, 35.304269, 35.440457, 35.576648, 35.708231, 35.842444, 35.979947, 36.109555, 36.240482, 36.368115, 36.493118, 36.619437, 36.749704, 36.875366, 36.997079, 37.020108, 37.018134, 37.017474, 37.01879]","[10.278303, 10.278303, 10.310329, 10.30912, 10.308516, 10.310329, 10.30912, 10.308516, 10.310933, 10.311537, 10.310933, 10.308516, 10.310329, 10.305495, 10.305495, 10.313954, 10.310933, 10.308516, 10.30912, 10.308516, 10.307307, 10.307912, 10.307912, 10.304286, 10.306703, 10.308516, 10.30489, 10.306703, 10.303682, 10.304286, 10.298848, 10.296431, 10.294165, 10.291597, 10.292805, 10.28918, 10.286159, 10.28495, 10.285555, 10.285555, 10.286763, 10.28495, 10.286159, 10.283138, 10.283138, 10.282533, 10.283137, 10.286763, 10.281325, 10.282533, 10.280116, 10.281929, 10.278907, 10.278907, 10.27649, 10.280721, 10.279511, 10.27649, 10.275282, 10.27649, 10.277094, 10.277094, 10.274677, 10.274073, 10.274073, 10.264405, 10.255946, 10.243256, 10.226942, 10.205189, 10.183436, 10.155035, 10.12724, 10.092194, 10.052313, 10.005182, 9.958655, 9.900042, 9.842034, 9.771337, 9.691576, 9.606377, 9.507884, 9.399119, 9.288541, 9.164669, 9.032338, 8.888527, 8.733839, 8.573712, 8.400896, 8.223096, 8.031095, 7.831088, 7.622622, 7.411739, 7.185748, 6.954321, 6.717455, 6.472733, 6.227407, 5.981477, 5.732526, 5.524663, 5.469677, 5.461821, 5.451549, 5.446111, 5.435234, 5.427379, 5.419524, 5.411668, 5.401396, 5.388103, 5.383873, 5.374205, 5.359703, 5.355473, 5.34218, 5.335533, 5.327074, 5.314384, 5.299278, 5.290214, 5.280546, 5.273295, 5.262419, 5.253959, 5.24973, 5.243083, 5.248521, 5.244291, 5.239457, 5.238853, 5.240062, 5.23704, 5.238249, 5.238249, 5.237645, 5.236436, 5.236436, 5.235832, 5.23704, 5.237645, 5.240062, 5.236436, 5.238249, 5.235228, 5.238853, 5.236436, 5.234019, 5.236436, 5.239457, 5.238853, 5.240666, 5.240062, 5.238249, 5.238853, 5.233415, 5.235832, 5.235228, 5.147611, 4.961502, 4.748806, 4.52765, 4.299847, 4.072045, 3.823094, 3.584415, 3.329421, 3.079261, 2.82608, 2.562023, 2.297965, 2.033908, 1.761995, 1.484039, 1.213939, 0.934171, 0.650174, 0.369197, 0.087616, 0.044715, 0.042298, 0.041693, 0.043506]",27.31156,1.185382,39.6,37,0.08,0.63,49.0,51.3196
2025-09-14T12:28:10,1008.43,"[0.0, 2.977056, 2.98232, 3.241537, 3.450754, 3.663918, 3.873134, 4.08235, 4.292225, 4.492887, 4.705394, 4.917242, 5.126458, 5.337648, 5.550154, 5.758712, 5.969903, 6.173856, 6.38044, 6.592288, 6.802821, 7.014668, 7.220595, 7.431127, 7.635081, 7.843145, 8.054171, 8.261414, 8.475893, 8.684452, 8.891036, 9.099595, 9.313416, 9.516054, 9.72856, 9.93646, 10.146334, 10.352261, 10.560162, 10.773325, 10.981884, 11.185179, 11.399001, 11.604927, 11.817433, 12.022702, 12.235866, 12.445082, 12.654957, 12.859569, 13.070758, 13.282607, 13.487874, 13.699065, 13.910255, 14.11947, 14.327371, 14.533955, 14.743173, 14.953705, 15.162263, 15.37148, 15.579379, 15.788596, 15.99847, 16.20045, 16.407034, 16.610986, 16.816914, 17.022183, 17.222188, 17.428114, 17.63141, 17.823521, 18.026158, 18.216954, 18.41367, 18.607097, 18.79789, 18.984079, 19.1729, 19.356458, 19.534096, 19.711731, 19.890354, 20.058452, 20.228851, 20.399908, 20.562413, 20.724918, 20.879527, 21.038084, 21.188087, 21.336778, 21.490071, 21.636127, 21.784158, 21.923633, 22.063112, 22.202591, 22.339436, 22.480229, 22.620364, 22.799318, 23.008533, 23.215118, 23.423018, 23.628287, 23.836189, 24.043431, 24.249358, 24.457257, 24.657921, 24.871085, 25.07767, 25.282281, 25.488866, 25.69545, 25.90401, 26.108618, 26.312573, 26.516525, 26.727057, 26.932983, 27.138913, 27.340234, 27.550107, 27.758008, 27.965253, 28.171176, 28.381708, 28.590268, 28.800143, 29.004095, 29.218573, 29.429105, 29.63306, 29.84425, 30.053467, 30.263998, 30.47124, 30.681772, 30.890329, 31.098724, 31.306131, 31.517978, 31.728513, 31.933783, 32.144312, 32.359451, 32.564719, 32.777225, 32.98381, 33.191052, 33.400928, 33.609485, 33.81936, 34.025946, 34.235818, 34.447665, 34.629251, 34.781229, 34.927942, 35.074658, 35.2194, 35.362823, 35.501645, 35.641782, 35.779938, 35.918762, 36.052972, 36.187189, 36.324033, 36.451669, 36.583249, 36.718124, 36.846417, 36.978659, 37.106293, 37.231955, 37.271429, 37.278668]","[10.27489, 10.27489, 10.306914, 10.307518, 10.303288, 10.305101, 10.304497, 10.302684, 10.303289, 10.305101, 10.305705, 10.300268, 10.303288, 10.299663, 10.300871, 10.303288, 10.297851, 10.300268, 10.305101, 10.297851, 10.297851, 10.299663, 10.299059, 10.300871, 10.296642, 10.295282, 10.294225, 10.296038, 10.29483, 10.293017, 10.294225, 10.289391, 10.289996, 10.285162, 10.288787, 10.285162, 10.285766, 10.285162, 10.285162, 10.288183, 10.283953, 10.284557, 10.284557, 10.285766, 10.285767, 10.282141, 10.284558, 10.283953, 10.282745, 10.280933, 10.28335, 10.282141, 10.280328, 10.280328, 10.278516, 10.278516, 10.276703, 10.276703, 10.280328, 10.276703, 10.27912, 10.278516, 10.27912, 10.27489, 10.274286, 10.264014, 10.250721, 10.237428, 10.221718, 10.198153, 10.17338, 10.145586, 10.111749, 10.081537, 10.039241, 9.992111, 9.935314, 9.877308, 9.812051, 9.734106, 9.649514, 9.558276, 9.454349, 9.346192, 9.223534, 9.091812, 8.955257, 8.79695, 8.641058, 8.465833, 8.286981, 8.094232, 7.893024, 7.678524, 7.462814, 7.241063, 7.000581, 6.763724, 6.517199, 6.258589, 6.012064, 5.754663, 5.520223, 5.419317, 5.406628, 5.399377, 5.390314, 5.38548, 5.372188, 5.36252, 5.354665, 5.347414, 5.331704, 5.323244, 5.31539, 5.307535, 5.295451, 5.282762, 5.274907, 5.263426, 5.253759, 5.244091, 5.23684, 5.226568, 5.21388, 5.206629, 5.19817, 5.189106, 5.183064, 5.178835, 5.175209, 5.173396, 5.17098, 5.169771, 5.169771, 5.167354, 5.168563, 5.163729, 5.168563, 5.165541, 5.170375, 5.167354, 5.167354, 5.166901, 5.164333, 5.168563, 5.166146, 5.167958, 5.168563, 5.16675, 5.168563, 5.171584, 5.170979, 5.164333, 5.167958, 5.167354, 5.168563, 5.170375, 5.167354, 5.165541, 5.067052, 4.866449, 4.648323, 4.42355, 4.186089, 3.943189, 3.69606, 3.448327, 3.186696, 2.931108, 2.664039, 2.398783, 2.125673, 1.851353, 1.57643, 1.293651, 1.008456, 0.720844, 0.43444, 0.138972, 0.040483, 0.04713]",27.36586,3.312827,42.7,37,0.67,0.63,50.0,47.58745
2025-09-14T12:36:10,1009.19,"[0.0, 3.000083, 3.003373, 3.255354, 3.441543, 3.650101, 3.856193, 4.060639, 4.266566, 4.470518, 4.673814, 4.882373, 5.090931, 5.296858, 5.5041, 5.710027, 5.914638, 6.11596, 6.32057, 6.529129, 6.735713, 6.939666, 7.146251, 7.353493, 7.562051, 7.758768, 7.966669, 8.175227, 8.379179, 8.582475, 8.793665, 8.996961, 9.201571, 9.405524, 9.60882, 9.81343, 10.024621, 10.224626, 10.4345, 10.6424, 10.847669, 11.052281, 11.25426, 11.462818, 11.671377, 11.872698, 12.079284, 12.287183, 12.490479, 12.698379, 12.898384, 13.104311, 13.311554, 13.51748, 13.721434, 13.929335, 14.136577, 14.345135, 14.543825, 14.752383, 14.958968, 15.164236, 15.369505, 15.575433, 15.77807, 15.983996, 16.183344, 16.386639, 16.589935, 16.787308, 16.991261, 17.191266, 17.384694, 17.584698, 17.778783, 17.972209, 18.164978, 18.357747, 18.550514, 18.734073, 18.921577, 19.103821, 19.284088, 19.461725, 19.636072, 19.805814, 19.978186, 20.145296, 20.311749, 20.46899, 20.632809, 20.788736, 20.943344, 21.094336, 21.242696, 21.391382, 21.532176, 21.673627, 21.816396, 21.954558, 22.094693, 22.22825, 22.367068, 22.507204, 22.669051, 22.87103, 23.071692, 23.278278, 23.48289, 23.686842, 23.887505, 24.092116, 24.298701, 24.499365, 24.69937, 24.90135, 25.106619, 25.307941, 25.51255, 25.715848, 25.923087, 26.124081, 26.327045, 26.525735, 26.730347, 26.931668, 27.135623, 27.339575, 27.540897, 27.748795, 27.948804, 28.152097, 28.362628, 28.566583, 28.77251, 28.980411, 29.184363, 29.392264, 29.594241, 29.802145, 30.005438, 30.213339, 30.41795, 30.620587, 30.827829, 31.033099, 31.239026, 31.445612, 31.652194, 31.856146, 32.065366, 32.268002, 32.477219, 32.683142, 32.8871, 33.092201, 33.29895, 33.502905, 33.709488, 33.908835, 34.121344, 34.326608, 34.502933, 34.654251, 34.795703, 34.942419, 35.081894, 35.223346, 35.364142, 35.502301, 35.638489, 35.772046, 35.906918, 36.039157, 36.174033, 36.304953, 36.431934, 36.560883, 36.689175, 36.818784, 36.947079, 37.070767, 37.19248, 37.210245]","[10.287759, 10.287759, 10.314348, 10.317369, 10.316765, 10.314348, 10.313441, 10.313139, 10.315556, 10.316161, 10.311327, 10.313139, 10.311327, 10.313744, 10.312535, 10.312535, 10.311327, 10.311931, 10.309514, 10.312535, 10.309514, 10.311327, 10.309514, 10.311327, 10.311327, 10.305888, 10.30891, 10.306493, 10.307097, 10.304679, 10.305888, 10.307096, 10.302262, 10.299241, 10.291535, 10.295011, 10.297427, 10.292593, 10.289572, 10.289572, 10.291989, 10.292593, 10.293802, 10.290176, 10.290781, 10.294406, 10.291989, 10.290176, 10.287759, 10.289572, 10.291385, 10.292593, 10.289572, 10.293802, 10.293802, 10.291989, 10.289571, 10.290176, 10.292593, 10.292593, 10.287759, 10.290176, 10.291989, 10.291384, 10.285947, 10.280206, 10.27084, 10.255128, 10.244252, 10.223707, 10.201952, 10.180803, 10.15059, 10.114937, 10.082911, 10.04182, 9.994082, 9.942719, 9.887126, 9.813404, 9.741496, 9.664754, 9.572903, 9.475615, 9.36322, 9.2472, 9.122115, 8.984341, 8.833273, 8.680995, 8.513008, 8.338977, 8.151652, 7.961306, 7.756457, 7.544357, 7.328632, 7.102029, 6.870592, 6.624048, 6.381734, 6.133378, 5.88623, 5.649959, 5.503724, 5.487409, 5.475928, 5.469886, 5.460217, 5.451153, 5.442693, 5.434837, 5.426378, 5.418522, 5.404624, 5.39979, 5.388308, 5.379849, 5.368971, 5.359303, 5.350239, 5.34178, 5.326672, 5.3164, 5.312774, 5.298876, 5.288603, 5.278935, 5.268662, 5.263828, 5.263828, 5.263224, 5.255973, 5.257181, 5.25839, 5.257785, 5.255368, 5.255973, 5.253556, 5.251138, 5.253555, 5.257181, 5.252347, 5.253556, 5.24993, 5.252951, 5.251743, 5.24993, 5.250534, 5.248721, 5.25416, 5.251138, 5.24993, 5.252347, 5.251138, 5.249628, 5.252347, 5.248117, 5.24993, 5.251743, 5.250534, 5.248721, 5.14539, 4.952023, 4.741131, 4.51755, 4.29276, 4.055281, 3.81055, 3.567027, 3.31988, 3.064272, 2.809873, 2.553056, 2.28778, 2.015857, 1.748768, 1.474428, 1.199483, 0.916683, 0.6363, 0.352896, 0.07493, 0.043508]",27.66983,2.636493,37.0,35,4.42,0.57,49.0,49.22572
2025-09-14T12:37:11,1011.48,"[0.0, 3.009952, 3.01061, 3.26259, 3.449438, 3.661944, 3.865239, 4.072482, 4.274461, 4.477756, 4.677103, 4.892241, 5.09751, 5.302121, 5.506074, 5.716606, 5.925822, 6.127143, 6.331755, 6.537682, 6.748213, 6.948877, 7.154146, 7.357441, 7.565341, 7.764031, 7.97588, 8.178681, 8.38839, 8.591685, 8.800244, 9.006171, 9.210125, 9.414077, 9.618688, 9.826588, 10.028568, 10.235152, 10.444369, 10.650954, 10.856879, 11.064781, 11.256233, 11.468739, 11.672693, 11.878619, 12.084547, 12.289157, 12.500347, 12.704958, 12.906937, 13.112865, 13.317476, 13.522743, 13.727354, 13.935419, 14.138551, 14.345135, 14.549745, 14.762253, 14.962257, 15.166869, 15.372795, 15.582669, 15.78728, 15.988602, 16.188608, 16.395851, 16.595856, 16.797835, 16.993893, 17.201135, 17.397194, 17.594568, 17.789308, 17.977473, 18.171556, 18.364983, 18.550516, 18.738678, 18.922893, 19.105794, 19.287378, 19.467647, 19.637387, 19.808446, 19.979503, 20.145953, 20.31109, 20.469649, 20.630835, 20.789394, 20.94137, 21.091374, 21.240063, 21.386777, 21.528888, 21.669023, 21.814421, 21.952585, 22.086797, 22.222986, 22.357201, 22.500624, 22.667078, 22.866425, 23.068402, 23.278278, 23.477625, 23.682237, 23.88553, 24.0908, 24.295412, 24.494759, 24.698875, 24.905954, 25.105959, 25.310571, 25.507945, 25.716504, 25.919141, 26.123752, 26.322443, 26.529025, 26.728375, 26.934299, 27.131674, 27.333652, 27.540897, 27.744849, 27.948804, 28.15473, 28.361972, 28.567239, 28.773825, 28.976462, 29.181732, 29.390289, 29.594901, 29.804117, 30.005438, 30.210049, 30.414005, 30.622562, 30.83046, 31.03458, 31.244287, 31.445612, 31.653513, 31.856805, 32.06405, 32.27392, 32.476559, 32.679199, 32.887097, 33.089737, 33.296979, 33.4983, 33.707513, 33.912125, 34.120026, 34.323978, 34.489774, 34.638464, 34.779257, 34.923337, 35.066763, 35.208215, 35.343744, 35.481247, 35.622699, 35.756915, 35.892444, 36.025673, 36.159558, 36.289166, 36.411539, 36.544437, 36.668781, 36.796414, 36.925366, 37.051688, 37.152347, 37.158267]","[10.296823, 10.296823, 10.323412, 10.319786, 10.319786, 10.316161, 10.318578, 10.318578, 10.317973, 10.320995, 10.317369, 10.319786, 10.317369, 10.317369, 10.317369, 10.317973, 10.317369, 10.316161, 10.317973, 10.317369, 10.317369, 10.314952, 10.314348, 10.311327, 10.312535, 10.311327, 10.309514, 10.308153, 10.307701, 10.3077, 10.310722, 10.307701, 10.305284, 10.299844, 10.301657, 10.299845, 10.301054, 10.299241, 10.297427, 10.301658, 10.29924, 10.298032, 10.29501, 10.297427, 10.298637, 10.299241, 10.29501, 10.29622, 10.296824, 10.295615, 10.293198, 10.29501, 10.294406, 10.292593, 10.291385, 10.292292, 10.29078, 10.289572, 10.290781, 10.290176, 10.288968, 10.289572, 10.291385, 10.287155, 10.285342, 10.280508, 10.270235, 10.25815, 10.245461, 10.226728, 10.204974, 10.180803, 10.15059, 10.12098, 10.082306, 10.040611, 9.993478, 9.934863, 9.877457, 9.814613, 9.738474, 9.653876, 9.560818, 9.460509, 9.348718, 9.229072, 9.103987, 8.966213, 8.813332, 8.65622, 8.487024, 8.316014, 8.125668, 7.928071, 7.727452, 7.514748, 7.293584, 7.070606, 6.831918, 6.592021, 6.347291, 6.100143, 5.851182, 5.614911, 5.482575, 5.468073, 5.462634, 5.454174, 5.445714, 5.439672, 5.433629, 5.419731, 5.414292, 5.404624, 5.394653, 5.384079, 5.373202, 5.36595, 5.356282, 5.344196, 5.336341, 5.324256, 5.314587, 5.304919, 5.293438, 5.284977, 5.277726, 5.265641, 5.25839, 5.253555, 5.254764, 5.250534, 5.249326, 5.246304, 5.246909, 5.243283, 5.244492, 5.246304, 5.247513, 5.247513, 5.246909, 5.242074, 5.244492, 5.245096, 5.248117, 5.245851, 5.245096, 5.246304, 5.24147, 5.243283, 5.242679, 5.245096, 5.240261, 5.242678, 5.240866, 5.244492, 5.246304, 5.24147, 5.238449, 5.240866, 5.238449, 5.231801, 5.091006, 4.895825, 4.678287, 4.456518, 4.22629, 3.985789, 3.750122, 3.503579, 3.252805, 2.997197, 2.742798, 2.481299, 2.21708, 1.948783, 1.679276, 1.405541, 1.129992, 0.845983, 0.564996, 0.280987, 0.042299, 0.038069]",28.07842,1.720633,37.3,35,4.33,0.57,49.0,49.70545
2025-09-14T12:38:10,1013.62,"[0.0, 3.036269, 3.036926, 3.292855, 3.475755, 3.684313, 3.888266, 4.092877, 4.302751, 4.50473, 4.710657, 4.916584, 5.1258, 5.331069, 5.536338, 5.743581, 5.950823, 6.147539, 6.354782, 6.560709, 6.771899, 6.971246, 7.182436, 7.385074, 7.589684, 7.791006, 8.004169, 8.206149, 8.41405, 8.618661, 8.825903, 9.030514, 9.234467, 9.439736, 9.642373, 9.850274, 10.051595, 10.260153, 10.46608, 10.673323, 10.876617, 11.082545, 11.286497, 11.492425, 11.699009, 11.904278, 12.110204, 12.314816, 12.519427, 12.731274, 12.933253, 13.137865, 13.341818, 13.544784, 13.751698, 13.960915, 14.171446, 14.373425, 14.57672, 14.781331, 14.993179, 15.199107, 15.401743, 15.605696, 15.812282, 16.018208, 16.214923, 16.420192, 16.617566, 16.821519, 17.022841, 17.22153, 17.415614, 17.616936, 17.806415, 18.00708, 18.194585, 18.388667, 18.578148, 18.761707, 18.951184, 19.132111, 19.310405, 19.486067, 19.661072, 19.830814, 20.001215, 20.166348, 20.330171, 20.492674, 20.649257, 20.809787, 20.965056, 21.111771, 21.25717, 21.401251, 21.550598, 21.686786, 21.830211, 21.965083, 22.102586, 22.237459, 22.376936, 22.519046, 22.686156, 22.890109, 23.088141, 23.29341, 23.496048, 23.705264, 23.902637, 24.109222, 24.310544, 24.517128, 24.71516, 24.921745, 25.122408, 25.325705, 25.532288, 25.738873, 25.939536, 26.141516, 26.343494, 26.547446, 26.750085, 26.951407, 27.156018, 27.358655, 27.561951, 27.763928, 27.968539, 28.174466, 28.382367, 28.585663, 28.79093, 28.996201, 29.204099, 29.412659, 29.614639, 29.819247, 30.025174, 30.235709, 30.439001, 30.642957, 30.849542, 31.057443, 31.260736, 31.462057, 31.67522, 31.877859, 32.088391, 32.293661, 32.500244, 32.70354, 32.909467, 33.112106, 33.32066, 33.520667, 33.729227, 33.936469, 34.142395, 34.335165, 34.49306, 34.641751, 34.785175, 34.92597, 35.064789, 35.2069, 35.345062, 35.483224, 35.616779, 35.755597, 35.883234, 36.020737, 36.153635, 36.281271, 36.406934, 36.537857, 36.662201, 36.791153, 36.919613, 37.044449, 37.135898, 37.137213, 37.139847]","[10.305888, 10.305888, 10.340936, 10.332475, 10.334289, 10.33308, 10.331268, 10.331872, 10.330058, 10.331871, 10.331267, 10.330663, 10.328246, 10.330663, 10.330059, 10.327037, 10.327641, 10.331268, 10.32885, 10.330663, 10.327641, 10.327037, 10.331872, 10.331268, 10.332475, 10.330663, 10.330058, 10.329454, 10.327641, 10.328246, 10.324016, 10.325224, 10.322203, 10.318578, 10.314952, 10.310722, 10.30891, 10.308909, 10.310722, 10.307701, 10.309514, 10.30468, 10.305888, 10.306492, 10.30891, 10.308305, 10.304075, 10.304075, 10.305283, 10.305283, 10.303471, 10.305888, 10.304075, 10.304377, 10.303471, 10.30468, 10.305283, 10.304076, 10.301658, 10.302262, 10.304679, 10.305283, 10.304075, 10.302866, 10.302262, 10.294406, 10.287155, 10.271444, 10.256337, 10.233979, 10.214642, 10.188054, 10.160862, 10.133066, 10.091975, 10.053301, 10.001334, 9.947553, 9.894377, 9.821864, 9.745725, 9.664754, 9.569277, 9.473802, 9.360803, 9.242366, 9.115468, 8.975277, 8.827229, 8.670119, 8.499109, 8.322662, 8.135337, 7.943178, 7.737725, 7.528041, 7.312316, 7.083295, 6.848234, 6.609546, 6.372066, 6.118271, 5.87354, 5.636665, 5.504329, 5.496473, 5.486805, 5.475324, 5.466864, 5.456591, 5.44934, 5.443901, 5.436046, 5.427586, 5.418522, 5.407494, 5.397977, 5.390725, 5.381662, 5.371388, 5.362929, 5.354469, 5.345405, 5.335737, 5.328485, 5.315796, 5.309753, 5.301293, 5.296459, 5.289812, 5.287395, 5.286186, 5.283769, 5.28256, 5.280748, 5.279539, 5.281352, 5.278934, 5.280748, 5.282561, 5.281352, 5.277726, 5.278934, 5.280748, 5.279539, 5.277122, 5.281956, 5.27833, 5.280144, 5.283165, 5.277726, 5.281956, 5.279539, 5.284978, 5.282561, 5.281956, 5.280748, 5.280748, 5.280143, 5.282561, 5.281352, 5.240866, 5.072878, 4.865007, 4.648073, 4.429326, 4.200306, 3.958597, 3.71447, 3.472761, 3.21957, 2.967588, 2.710772, 2.449121, 2.187471, 1.922194, 1.649063, 1.378348, 1.103404, 0.818187, 0.54007, 0.253191, 0.039882, 0.038069, 0.038674]",27.95352,1.920408,38.8,35,4.31,0.56,49.0,49.83388
2025-09-14T12:48:10,1012.7,"[0.0, 3.072454, 3.075085, 3.323777, 3.535624, 3.744841, 3.956031, 4.1613, 4.37249, 4.577101, 4.788291, 4.998165, 5.210013, 5.416598, 5.625156, 5.838978, 6.044247, 6.254779, 6.462679, 6.671896, 6.877164, 7.086381, 7.300203, 7.509418, 7.712056, 7.923904, 8.132463, 8.344968, 8.554185, 8.762743, 8.970644, 9.180518, 9.386446, 9.594346, 9.802904, 10.013436, 10.221995, 10.429237, 10.640427, 10.854906, 11.058202, 11.261497, 11.475319, 11.685194, 11.896383, 12.103625, 12.314158, 12.522717, 12.728643, 12.943123, 13.144443, 13.353659, 13.566824, 13.778671, 13.986572, 14.193816, 14.40336, 14.606985, 14.818175, 15.029364, 15.24187, 15.448456, 15.656355, 15.866888, 16.07413, 16.282031, 16.484668, 16.692569, 16.898495, 17.101134, 17.307718, 17.511012, 17.710359, 17.90576, 18.10116, 18.300508, 18.497884, 18.694598, 18.886708, 19.073557, 19.262378, 19.448566, 19.624231, 19.808446, 19.984108, 20.161743, 20.324907, 20.496458, 20.664389, 20.828868, 20.987425, 21.145323, 21.295328, 21.449281, 21.598625, 21.746657, 21.889423, 22.033508, 22.172327, 22.315096, 22.450624, 22.592075, 22.724973, 22.868399, 23.048007, 23.25854, 23.461835, 23.674342, 23.880927, 24.088828, 24.300674, 24.502654, 24.709239, 24.915825, 25.122408, 25.328007, 25.538869, 25.742819, 25.951379, 26.157962, 26.362573, 26.568503, 26.779694, 26.986276, 27.192203, 27.395499, 27.608002, 27.809982, 28.01525, 28.223151, 28.435657, 28.641583, 28.856064, 29.06265, 29.274496, 29.483713, 29.685034, 29.898856, 30.102811, 30.315973, 30.52453, 30.734406, 30.942307, 31.150864, 31.356134, 31.570612, 31.777856, 31.987073, 32.191684, 32.40715, 32.618011, 32.823938, 33.029865, 33.239737, 33.448297, 33.656195, 33.865414, 34.074628, 34.282532, 34.493063, 34.680569, 34.833859, 34.987155, 35.133215, 35.276636, 35.418747, 35.557565, 35.696387, 35.835205, 35.971396, 36.109555, 36.243112, 36.372061, 36.501016, 36.63786, 36.766153, 36.892471, 37.025369, 37.15498, 37.281299, 37.402356, 37.423407, 37.428668, 37.425381, 37.428671]","[10.320994, 10.320994, 10.348186, 10.35423, 10.350603, 10.356647, 10.354834, 10.353021, 10.351812, 10.353625, 10.349999, 10.349395, 10.348791, 10.348186, 10.347582, 10.345165, 10.348791, 10.346374, 10.345165, 10.348186, 10.343353, 10.344561, 10.343957, 10.343353, 10.342144, 10.34577, 10.343957, 10.343957, 10.344561, 10.346978, 10.338519, 10.345165, 10.340936, 10.33731, 10.338519, 10.334289, 10.334893, 10.330058, 10.331872, 10.332476, 10.332476, 10.33308, 10.331872, 10.333685, 10.331268, 10.33308, 10.330663, 10.330663, 10.333685, 10.32885, 10.331267, 10.327641, 10.329455, 10.328851, 10.332476, 10.328246, 10.327793, 10.331872, 10.328246, 10.330059, 10.331871, 10.331267, 10.328246, 10.327037, 10.32462, 10.317369, 10.307097, 10.294406, 10.277486, 10.261775, 10.240022, 10.217664, 10.188054, 10.154215, 10.120376, 10.077472, 10.033965, 9.978371, 9.917339, 9.845432, 9.773523, 9.685299, 9.592845, 9.487701, 9.375306, 9.248409, 9.123324, 8.977241, 8.824209, 8.664075, 8.490649, 8.308763, 8.117812, 7.913568, 7.705698, 7.487555, 7.260952, 7.026495, 6.789014, 6.546701, 6.292302, 6.037298, 5.793776, 5.560527, 5.477137, 5.465051, 5.459008, 5.446923, 5.447527, 5.434838, 5.428795, 5.423357, 5.413688, 5.407041, 5.397977, 5.391632, 5.384079, 5.376223, 5.367763, 5.360512, 5.352052, 5.344801, 5.335737, 5.326673, 5.3164, 5.310962, 5.301897, 5.29525, 5.289812, 5.292229, 5.28679, 5.281352, 5.28256, 5.286186, 5.281956, 5.278935, 5.275913, 5.276517, 5.275913, 5.277122, 5.2741, 5.277122, 5.276517, 5.272892, 5.2741, 5.272288, 5.271079, 5.271079, 5.272288, 5.272288, 5.271079, 5.268662, 5.267454, 5.268662, 5.269267, 5.271079, 5.271079, 5.268058, 5.266849, 5.266245, 5.195545, 5.013659, 4.798537, 4.577977, 4.348958, 4.106039, 3.866143, 3.617786, 3.366409, 3.115031, 2.857006, 2.591126, 2.323432, 2.055135, 1.780795, 1.503433, 1.221841, 0.937833, 0.662284, 0.371628, 0.08339, 0.036256, 0.035652, 0.036256, 0.038069]",29.41837,1.639499,85.2,20,5.49,-10.54,49.0,45.94155
2025-09-14T12:49:10,1011.63,"[0.0, 3.059295, 3.060611, 3.311934, 3.522466, 3.731683, 3.944846, 4.151431, 4.356042, 4.569206, 4.778422, 4.99027, 5.196855, 5.406071, 5.615287, 5.827793, 6.028457, 6.238331, 6.450179, 6.659724, 6.866638, 7.075197, 7.285729, 7.494945, 7.702845, 7.91272, 8.122594, 8.329179, 8.543658, 8.751559, 8.956169, 9.166702, 9.377892, 9.583161, 9.794351, 10.000278, 10.211468, 10.419368, 10.629243, 10.835169, 11.048334, 11.247681, 11.458213, 11.670718, 11.881908, 12.089152, 12.298368, 12.506926, 12.718774, 12.92536, 13.132766, 13.344449, 13.54906, 13.765514, 13.969467, 14.184605, 14.391847, 14.594484, 14.80699, 15.014891, 15.224765, 15.433322, 15.64254, 15.851097, 16.06492, 16.264925, 16.470195, 16.680725, 16.883363, 17.086658, 17.291927, 17.493907, 17.697202, 17.891945, 18.091292, 18.289323, 18.487355, 18.681441, 18.873056, 19.05974, 19.249219, 19.435408, 19.61765, 19.788707, 19.973582, 20.145953, 20.317012, 20.487411, 20.649258, 20.816367, 20.970319, 21.134798, 21.28217, 21.432832, 21.582178, 21.729552, 21.874948, 22.021663, 22.159167, 22.299962, 22.437465, 22.572339, 22.714445, 22.863135, 23.05722, 23.265776, 23.471704, 23.680263, 23.885533, 24.095406, 24.2987, 24.505287, 24.712527, 24.922403, 25.123724, 25.330309, 25.540182, 25.748083, 25.954669, 26.163226, 26.368494, 26.573764, 26.77706, 26.986935, 27.193518, 27.39747, 27.605371, 27.812616, 28.021829, 28.230389, 28.438947, 28.648163, 28.860013, 29.069226, 29.275153, 29.487003, 29.690298, 29.898033, 30.108072, 30.319919, 30.528479, 30.739014, 30.946912, 31.154153, 31.368634, 31.573245, 31.783777, 31.992337, 32.204181, 32.411426, 32.621301, 32.833151, 33.0371, 33.24632, 33.455533, 33.662122, 33.870679, 34.083182, 34.293057, 34.495694, 34.671356, 34.824652, 34.969391, 35.114792, 35.260846, 35.402301, 35.545728, 35.681912, 35.823361, 35.956918, 36.094424, 36.226334, 36.354956, 36.487195, 36.623383, 36.751682, 36.879971, 37.008923, 37.141162, 37.263538, 37.378012, 37.385907, 37.385251, 37.383276]","[10.312324, 10.312324, 10.332265, 10.335891, 10.335891, 10.33287, 10.335287, 10.335891, 10.335891, 10.334682, 10.335287, 10.334682, 10.337704, 10.337099, 10.33287, 10.337704, 10.332265, 10.33287, 10.330452, 10.331208, 10.33287, 10.332265, 10.334078, 10.326826, 10.329848, 10.328035, 10.329848, 10.325618, 10.329243, 10.326826, 10.332265, 10.329244, 10.327431, 10.321388, 10.321388, 10.317158, 10.312928, 10.31172, 10.309907, 10.312928, 10.309907, 10.312928, 10.31172, 10.312928, 10.31172, 10.311115, 10.309907, 10.309303, 10.309303, 10.31172, 10.310058, 10.308094, 10.310511, 10.310511, 10.308698, 10.306885, 10.309303, 10.306281, 10.308698, 10.30749, 10.305073, 10.306281, 10.303863, 10.304468, 10.303864, 10.305073, 10.291777, 10.285735, 10.26398, 10.250082, 10.225305, 10.204759, 10.175148, 10.145538, 10.108071, 10.064562, 10.015614, 9.960623, 9.89838, 9.8307, 9.753954, 9.668143, 9.573873, 9.466913, 9.356327, 9.234863, 9.098292, 8.953864, 8.802791, 8.633587, 8.466801, 8.280074, 8.088512, 7.886677, 7.676986, 7.45823, 7.233432, 6.999569, 6.764497, 6.514319, 6.261723, 6.011544, 5.762574, 5.554092, 5.506352, 5.496683, 5.489431, 5.48218, 5.477345, 5.466468, 5.458008, 5.450756, 5.441692, 5.435649, 5.427188, 5.41752, 5.409664, 5.402412, 5.394557, 5.386097, 5.378845, 5.367364, 5.363134, 5.357695, 5.346818, 5.337753, 5.332919, 5.328084, 5.320228, 5.316602, 5.317811, 5.313581, 5.311768, 5.311164, 5.309955, 5.311164, 5.314185, 5.311768, 5.30633, 5.306934, 5.305121, 5.304517, 5.306329, 5.303912, 5.306934, 5.304517, 5.309351, 5.309955, 5.307538, 5.310559, 5.309351, 5.309351, 5.311768, 5.307538, 5.30633, 5.306934, 5.309955, 5.309955, 5.308747, 5.302704, 5.176406, 4.981218, 4.762463, 4.534039, 4.308031, 4.063291, 3.81976, 3.576832, 3.323028, 3.063784, 2.808167, 2.544089, 2.275781, 2.003848, 1.731915, 1.455147, 1.172336, 0.890129, 0.603088, 0.317256, 0.047739, 0.033236, 0.035049, 0.032632]",28.16226,1.86339,86.5,20,5.53,-10.52,49.0,46.58517
2025-09-14T12:50:10,1012.7,"[0.0, 3.049427, 3.05469, 3.302066, 3.517203, 3.726419, 3.936293, 4.146168, 4.352095, 4.561969, 4.770527, 4.980401, 5.189618, 5.402124, 5.610024, 5.821872, 6.024509, 6.237016, 6.444916, 6.652158, 6.861375, 7.071742, 7.281123, 7.494946, 7.699556, 7.90943, 8.118646, 8.323915, 8.53379, 8.74169, 8.954196, 9.162754, 9.374603, 9.57395, 9.783167, 9.995014, 10.206204, 10.418052, 10.627268, 10.837143, 11.041096, 11.245049, 11.454266, 11.666771, 11.87533, 12.083231, 12.299026, 12.506268, 12.711537, 12.919766, 13.131285, 13.337212, 13.54314, 13.755646, 13.963545, 14.174736, 14.386584, 14.593169, 14.80041, 15.010944, 15.224765, 15.431351, 15.638593, 15.848465, 16.05834, 16.260977, 16.466904, 16.671516, 16.876126, 17.081395, 17.286006, 17.489302, 17.687991, 17.884708, 18.086029, 18.279456, 18.480118, 18.670256, 18.864996, 19.051187, 19.240665, 19.423566, 19.604492, 19.779497, 19.959106, 20.130164, 20.298589, 20.4657, 20.631494, 20.795972, 20.955844, 21.113086, 21.263091, 21.411778, 21.561781, 21.709813, 21.850607, 21.99469, 22.134167, 22.274301, 22.413779, 22.551941, 22.688788, 22.841425, 23.038141, 23.242751, 23.45394, 23.660526, 23.86777, 24.07238, 24.282253, 24.485876, 24.690817, 24.900693, 25.113199, 25.308598, 25.51913, 25.728348, 25.93559, 26.141516, 26.348758, 26.54942, 26.759296, 26.963248, 27.171808, 27.373785, 27.582346, 27.788269, 27.996829, 28.206046, 28.417236, 28.625793, 28.832379, 29.040939, 29.251471, 29.463977, 29.662009, 29.87583, 30.084387, 30.292288, 30.503479, 30.710062, 30.924377, 31.132443, 31.34166, 31.548904, 31.762067, 31.967993, 32.180499, 32.389716, 32.600247, 32.811438, 33.016049, 33.227893, 33.438428, 33.645016, 33.85423, 34.06279, 34.272003, 34.479248, 34.64241, 34.795047, 34.93913, 35.086502, 35.233215, 35.374008, 35.513489, 35.649673, 35.789151, 35.922049, 36.060214, 36.196399, 36.329956, 36.456934, 36.591147, 36.720099, 36.846417, 36.974713, 37.103659, 37.235904, 37.30498, 37.306958]","[10.312718, 10.312718, 10.336286, 10.336286, 10.333869, 10.333264, 10.335078, 10.335078, 10.333869, 10.337495, 10.33689, 10.337495, 10.339912, 10.333265, 10.339307, 10.336286, 10.338099, 10.338099, 10.33689, 10.337495, 10.337495, 10.330847, 10.335078, 10.337495, 10.335078, 10.332661, 10.334473, 10.329639, 10.328429, 10.327826, 10.329638, 10.326617, 10.324804, 10.3242, 10.324804, 10.32299, 10.324199, 10.318156, 10.3242, 10.320573, 10.320573, 10.32299, 10.316948, 10.317552, 10.318156, 10.318156, 10.316948, 10.319365, 10.317552, 10.321027, 10.316948, 10.320573, 10.315739, 10.313322, 10.313926, 10.316948, 10.318156, 10.316948, 10.316948, 10.313322, 10.316948, 10.315134, 10.314531, 10.317552, 10.309092, 10.302444, 10.294588, 10.283105, 10.261954, 10.245638, 10.223278, 10.194875, 10.165263, 10.133234, 10.093349, 10.051652, 9.996659, 9.941666, 9.884255, 9.808714, 9.728038, 9.640109, 9.539793, 9.439476, 9.322237, 9.192309, 9.057545, 8.908882, 8.75599, 8.589198, 8.413945, 8.227814, 8.032015, 7.826546, 7.615034, 7.393249, 7.164211, 6.925505, 6.688007, 6.437215, 6.185818, 5.935025, 5.686649, 5.480576, 5.44613, 5.437065, 5.430418, 5.41954, 5.41108, 5.405641, 5.396576, 5.390533, 5.382072, 5.37603, 5.365756, 5.360921, 5.35246, 5.344001, 5.334935, 5.324662, 5.315597, 5.304115, 5.298072, 5.28659, 5.278734, 5.266043, 5.262417, 5.254561, 5.249726, 5.247913, 5.244892, 5.240057, 5.238244, 5.234618, 5.229784, 5.232201, 5.226158, 5.229179, 5.232201, 5.228575, 5.229179, 5.232201, 5.232654, 5.234618, 5.235827, 5.235826, 5.240057, 5.24187, 5.243079, 5.2461, 5.245496, 5.248518, 5.244892, 5.2461, 5.251539, 5.25033, 5.249122, 5.249726, 5.252143, 5.238848, 5.09079, 4.887738, 4.675018, 4.447794, 4.213317, 3.969173, 3.726236, 3.474839, 3.221629, 2.963584, 2.702518, 2.439639, 2.168904, 1.898169, 1.625016, 1.348238, 1.064812, 0.779573, 0.494334, 0.201238, 0.033238, 0.035051]",28.71519,3.282282,86.9,20,5.47,-10.51,50.0,46.99054
2025-09-14T12:56:10,1011.79,"[0.0, 3.049427, 3.046137, 3.299434, 3.509966, 3.721156, 3.932346, 4.143536, 4.344857, 4.554074, 4.76329, 4.977112, 5.182381, 5.396861, 5.603445, 5.815293, 6.019904, 6.22912, 6.441626, 6.652158, 6.854796, 7.069933, 7.279807, 7.485734, 7.694951, 7.902358, 8.11141, 8.318652, 8.529842, 8.739716, 8.948933, 9.156833, 9.369997, 9.572634, 9.784482, 9.989751, 10.199625, 10.410815, 10.619373, 10.825301, 11.033859, 11.245049, 11.452292, 11.661508, 11.86875, 12.079283, 12.290473, 12.501662, 12.7043, 12.913516, 13.125365, 13.333266, 13.54248, 13.755646, 13.958282, 14.170789, 14.380663, 14.583958, 14.793173, 15.007654, 15.212921, 15.424771, 15.631355, 15.841229, 16.053735, 16.255057, 16.460983, 16.669542, 16.876784, 17.081395, 17.284032, 17.484697, 17.687332, 17.885365, 18.081424, 18.284718, 18.480118, 18.672887, 18.866971, 19.05645, 19.245929, 19.430637, 19.60778, 19.791997, 19.967001, 20.14398, 20.317012, 20.484779, 20.650574, 20.813078, 20.973608, 21.132823, 21.283485, 21.437437, 21.589417, 21.734155, 21.877582, 22.020349, 22.163116, 22.301935, 22.440097, 22.575627, 22.715105, 22.855898, 23.033533, 23.241435, 23.451309, 23.65658, 23.869084, 24.07057, 24.27699, 24.487521, 24.688844, 24.898718, 25.101355, 25.306624, 25.518471, 25.726373, 25.934274, 26.138882, 26.343494, 26.550735, 26.760611, 26.963248, 27.172464, 27.376416, 27.58761, 27.796167, 27.998804, 28.206705, 28.41329, 28.623822, 28.830405, 29.046201, 29.254102, 29.463977, 29.666614, 29.87912, 30.083072, 30.295578, 30.507425, 30.716641, 30.924542, 31.132443, 31.339688, 31.554825, 31.758777, 31.969968, 32.180499, 32.388397, 32.596957, 32.808148, 33.016046, 33.223947, 33.435138, 33.644354, 33.851599, 34.060159, 34.273318, 34.477274, 34.671359, 34.836493, 34.98584, 35.131897, 35.276639, 35.420721, 35.558224, 35.700336, 35.841125, 35.975998, 36.11416, 36.247058, 36.375351, 36.512857, 36.643121, 36.772073, 36.906946, 37.032608, 37.164847, 37.291165, 37.414853, 37.462881]","[10.30181, 10.30181, 10.331425, 10.336865, 10.336865, 10.337469, 10.332634, 10.332029, 10.335051, 10.333843, 10.333842, 10.333842, 10.332634, 10.33626, 10.33082, 10.331425, 10.332634, 10.329612, 10.334447, 10.335052, 10.330216, 10.329008, 10.33082, 10.325986, 10.327798, 10.330519, 10.32659, 10.329007, 10.327798, 10.329008, 10.325381, 10.327194, 10.324172, 10.325986, 10.319337, 10.321755, 10.324173, 10.319942, 10.320546, 10.323569, 10.324172, 10.318733, 10.318732, 10.32115, 10.320547, 10.319942, 10.318733, 10.317525, 10.316919, 10.318129, 10.318128, 10.317525, 10.316315, 10.31692, 10.317524, 10.315107, 10.318732, 10.317524, 10.31571, 10.317525, 10.313898, 10.316315, 10.315107, 10.312688, 10.312689, 10.306041, 10.299392, 10.289118, 10.273403, 10.255877, 10.237745, 10.211151, 10.185163, 10.148295, 10.112032, 10.072747, 10.023186, 9.974835, 9.915001, 9.847914, 9.771156, 9.685333, 9.593466, 9.488907, 9.380721, 9.261657, 9.132922, 8.989078, 8.836166, 8.672377, 8.503149, 8.322437, 8.127219, 7.929584, 7.719256, 7.505302, 7.277448, 7.041132, 6.804211, 6.55339, 6.307404, 6.050538, 5.80153, 5.565818, 5.454006, 5.449171, 5.439501, 5.432853, 5.423182, 5.415325, 5.409281, 5.401424, 5.391754, 5.385106, 5.375436, 5.36637, 5.359721, 5.347634, 5.342194, 5.334941, 5.327689, 5.319227, 5.312579, 5.305326, 5.293239, 5.289008, 5.282359, 5.275107, 5.268459, 5.271481, 5.264833, 5.264832, 5.26181, 5.263019, 5.263019, 5.264228, 5.260601, 5.262415, 5.264228, 5.259393, 5.262415, 5.261206, 5.260601, 5.259997, 5.262415, 5.261206, 5.261811, 5.261206, 5.264832, 5.264228, 5.262415, 5.262415, 5.264832, 5.264228, 5.262415, 5.263623, 5.264832, 5.264228, 5.266645, 5.260601, 5.22736, 5.058736, 4.845991, 4.628411, 4.398139, 4.161823, 3.918254, 3.674685, 3.42205, 3.166394, 2.909529, 2.644202, 2.378271, 2.112339, 1.83432, 1.560532, 1.278887, 0.995429, 0.711366, 0.420655, 0.127526, 0.028406]",27.42945,2.774474,91.7,22,5.47,-10.58,49.0,45.44166
2025-09-14T12:57:10,1011.18,"[0.0, 3.059295, 3.056664, 3.309303, 3.521808, 3.732341, 3.940899, 4.149457, 4.357358, 4.567232, 4.774475, 4.991586, 5.19225, 5.406729, 5.613972, 5.827135, 6.031089, 6.244252, 6.451495, 6.660053, 6.867296, 7.079144, 7.287045, 7.496918, 7.699556, 7.910088, 8.119962, 8.333127, 8.538889, 8.747612, 8.957485, 9.163412, 9.377892, 9.58316, 9.789745, 10.001594, 10.210809, 10.419369, 10.632533, 10.833195, 11.045701, 11.25097, 11.46545, 11.671377, 11.877962, 12.091125, 12.299026, 12.508242, 12.718774, 12.924043, 13.131944, 13.339186, 13.551692, 13.762224, 13.974072, 14.178683, 14.389215, 14.593826, 14.804358, 15.015549, 15.22016, 15.433324, 15.64583, 15.851756, 16.063603, 16.266241, 16.468221, 16.676122, 16.883365, 17.086659, 17.293243, 17.495882, 17.692596, 17.895233, 18.094582, 18.290639, 18.483408, 18.676176, 18.87092, 19.058423, 19.248561, 19.436066, 19.612387, 19.79397, 19.968318, 20.144638, 20.318985, 20.487411, 20.652547, 20.811104, 20.972949, 21.13085, 21.280196, 21.433985, 21.581519, 21.72955, 21.876923, 22.015742, 22.15851, 22.297328, 22.434833, 22.572995, 22.713789, 22.859846, 23.057878, 23.265118, 23.469073, 23.680263, 23.890137, 24.096063, 24.30528, 24.509892, 24.712527, 24.919115, 25.128989, 25.335571, 25.542157, 25.748083, 25.955325, 26.160596, 26.368494, 26.570474, 26.781009, 26.988907, 27.193518, 27.40076, 27.60932, 27.819031, 28.024463, 28.231046, 28.438947, 28.644217, 28.858038, 29.066595, 29.276471, 29.485687, 29.689642, 29.89754, 30.107416, 30.319263, 30.527823, 30.740985, 30.946912, 31.160077, 31.36008, 31.572586, 31.777856, 31.991678, 32.20484, 32.415375, 32.620642, 32.833148, 33.035129, 33.244345, 33.454877, 33.662119, 33.874625, 34.080551, 34.290427, 34.500299, 34.671359, 34.826622, 34.975314, 35.121371, 35.264136, 35.402298, 35.54704, 35.685202, 35.823364, 35.962842, 36.095084, 36.230612, 36.35759, 36.495752, 36.62536, 36.757599, 36.889182, 37.016162, 37.144452, 37.27077, 37.388538, 37.408276, 37.409589]","[10.301417, 10.301417, 10.328009, 10.335262, 10.335866, 10.335262, 10.335262, 10.333449, 10.335262, 10.335866, 10.334053, 10.334657, 10.332845, 10.33224, 10.335866, 10.335262, 10.333448, 10.331031, 10.333449, 10.335867, 10.335262, 10.333448, 10.331031, 10.33224, 10.332845, 10.330427, 10.329822, 10.329823, 10.324837, 10.328613, 10.323779, 10.328009, 10.323779, 10.326801, 10.320757, 10.318944, 10.321966, 10.320757, 10.318944, 10.319549, 10.321966, 10.321966, 10.318339, 10.316526, 10.315922, 10.318339, 10.316526, 10.318944, 10.319549, 10.313504, 10.315922, 10.3129, 10.315318, 10.311691, 10.308669, 10.310483, 10.310482, 10.311691, 10.309878, 10.308669, 10.308066, 10.305648, 10.305648, 10.305044, 10.306857, 10.298396, 10.291747, 10.282078, 10.262738, 10.250046, 10.228289, 10.20351, 10.176313, 10.141865, 10.103185, 10.060879, 10.013739, 9.961159, 9.897701, 9.828803, 9.753258, 9.670459, 9.574364, 9.469205, 9.35498, 9.234711, 9.104169, 8.959725, 8.81226, 8.647267, 8.470792, 8.288879, 8.097295, 7.896796, 7.68693, 7.474194, 7.243326, 7.007623, 6.771316, 6.521712, 6.27634, 6.02432, 5.773508, 5.565606, 5.517861, 5.511213, 5.50396, 5.496104, 5.489455, 5.480391, 5.473742, 5.46649, 5.459842, 5.451985, 5.443524, 5.438085, 5.427206, 5.419349, 5.404845, 5.399405, 5.389735, 5.383087, 5.379461, 5.368583, 5.354683, 5.351661, 5.342595, 5.339573, 5.332925, 5.330507, 5.329299, 5.329903, 5.327486, 5.326881, 5.323859, 5.321442, 5.320233, 5.323859, 5.326277, 5.324464, 5.323255, 5.322651, 5.322651, 5.323255, 5.323255, 5.322046, 5.322046, 5.319024, 5.324464, 5.323255, 5.319629, 5.319629, 5.321442, 5.31842, 5.319629, 5.317212, 5.320233, 5.317211, 5.317212, 5.314189, 5.206008, 5.009438, 4.790204, 4.567797, 4.339347, 4.100623, 3.854042, 3.608065, 3.355439, 3.099188, 2.844146, 2.575808, 2.312908, 2.043966, 1.770792, 1.490366, 1.210545, 0.928306, 0.641837, 0.35295, 0.070711, 0.035658, 0.035658]",27.52595,2.257339,90.6,22,5.55,-10.55,49.0,46.29076
2025-09-14T12:58:10,1009.35,"[0.0, 3.065875, 3.065217, 3.315224, 3.529045, 3.736288, 3.944189, 4.157352, 4.362621, 4.571837, 4.783686, 4.99027, 5.199158, 5.410019, 5.617919, 5.833057, 6.032404, 6.244252, 6.454127, 6.660711, 6.870586, 7.08046, 7.295597, 7.503498, 7.702187, 7.917325, 8.125883, 8.337074, 8.543001, 8.752217, 8.962749, 9.17065, 9.379208, 9.589082, 9.795009, 10.002251, 10.21081, 10.41871, 10.631874, 10.842406, 11.052281, 11.255576, 11.463477, 11.674666, 11.880593, 12.089809, 12.29771, 12.51219, 12.718117, 12.927333, 13.136549, 13.347081, 13.556297, 13.762224, 13.976704, 14.186578, 14.391847, 14.598431, 14.805017, 15.018839, 15.228055, 15.435954, 15.645171, 15.858336, 16.068867, 16.268872, 16.475458, 16.684016, 16.890599, 17.094554, 17.295218, 17.49917, 17.705096, 17.891945, 18.091292, 18.295245, 18.491302, 18.684071, 18.876842, 19.067635, 19.254482, 19.437383, 19.619624, 19.79068, 19.971608, 20.147929, 20.322275, 20.485439, 20.651231, 20.81571, 20.975583, 21.13414, 21.283485, 21.437437, 21.590074, 21.733496, 21.876266, 22.016402, 22.163773, 22.303252, 22.439439, 22.578915, 22.714447, 22.860503, 23.061168, 23.268408, 23.476309, 23.682895, 23.893428, 24.098036, 24.30528, 24.509235, 24.718449, 24.923718, 25.132935, 25.337546, 25.54413, 25.751373, 25.96059, 26.167175, 26.369153, 26.577054, 26.779691, 26.991537, 27.201413, 27.40405, 27.613925, 27.819852, 28.026437, 28.237625, 28.442896, 28.655402, 28.861984, 29.067914, 29.279761, 29.488321, 29.694082, 29.908725, 30.112677, 30.321893, 30.531113, 30.740326, 30.952832, 31.159418, 31.367978, 31.577194, 31.785092, 31.998914, 32.20813, 32.414713, 32.625247, 32.835123, 33.036444, 33.246976, 33.456848, 33.668039, 33.87923, 34.085812, 34.293716, 34.502274, 34.67399, 34.827283, 34.975974, 35.118082, 35.264136, 35.404929, 35.547043, 35.682735, 35.823364, 35.960208, 36.097055, 36.229953, 36.362851, 36.490485, 36.622726, 36.754968, 36.883258, 37.010898, 37.143796, 37.271429, 37.389853, 37.403012]","[10.300631, 10.300631, 10.321782, 10.325408, 10.325408, 10.324805, 10.326617, 10.323595, 10.322991, 10.321178, 10.3242, 10.318156, 10.321027, 10.322991, 10.319365, 10.321178, 10.323595, 10.318156, 10.320573, 10.321178, 10.319969, 10.318156, 10.320574, 10.315739, 10.316344, 10.318156, 10.318156, 10.316948, 10.319365, 10.316344, 10.315135, 10.312113, 10.309696, 10.307279, 10.304257, 10.303049, 10.298215, 10.298819, 10.30184, 10.298818, 10.300027, 10.300027, 10.295193, 10.299121, 10.29761, 10.300027, 10.298214, 10.303049, 10.300027, 10.296401, 10.297005, 10.300632, 10.302444, 10.298819, 10.300027, 10.301235, 10.300632, 10.304257, 10.301236, 10.299423, 10.305466, 10.302444, 10.298818, 10.297006, 10.29761, 10.290961, 10.28371, 10.267393, 10.251682, 10.232948, 10.216631, 10.190041, 10.161033, 10.130817, 10.092745, 10.05286, 10.00391, 9.947105, 9.887277, 9.817176, 9.743448, 9.65824, 9.559131, 9.458209, 9.343993, 9.223734, 9.096222, 8.947559, 8.797084, 8.628479, 8.457455, 8.276765, 8.087612, 7.88456, 7.674258, 7.456097, 7.228874, 6.99621, 6.759922, 6.516985, 6.263775, 6.016004, 5.765966, 5.559138, 5.51321, 5.504145, 5.502332, 5.493872, 5.484807, 5.479972, 5.470303, 5.465468, 5.455799, 5.447943, 5.441296, 5.432231, 5.421957, 5.41954, 5.408058, 5.397785, 5.392346, 5.38449, 5.379051, 5.36636, 5.357295, 5.353065, 5.343396, 5.337957, 5.334935, 5.334935, 5.333727, 5.328288, 5.327684, 5.330101, 5.324662, 5.324058, 5.327835, 5.325266, 5.322245, 5.325266, 5.326475, 5.324058, 5.324058, 5.322849, 5.319828, 5.319828, 5.323454, 5.322245, 5.321036, 5.322849, 5.319827, 5.319827, 5.320432, 5.322245, 5.319223, 5.319223, 5.322245, 5.319223, 5.322245, 5.311972, 5.189898, 4.994099, 4.775335, 4.554758, 4.319678, 4.082784, 3.836222, 3.591171, 3.339471, 3.08324, 2.832447, 2.566546, 2.29702, 2.028702, 1.753736, 1.480584, 1.197158, 0.911314, 0.627888, 0.343858, 0.062245, 0.033842]",27.69302,1.349778,91.4,22,5.54,-10.55,48.0,46.37136
2025-09-14T13:03:10,1014.08,"[0.0, 3.085612, 3.085612, 3.336277, 3.552073, 3.760631, 3.970505, 4.179063, 4.387622, 4.592891, 4.800791, 5.013297, 5.220539, 5.435677, 5.64292, 5.850162, 6.059379, 6.267937, 6.47518, 6.68637, 6.894929, 7.10546, 7.314019, 7.524551, 7.724557, 7.938378, 8.145621, 8.354837, 8.565369, 8.768665, 8.983144, 9.188413, 9.397629, 9.607504, 9.814417, 10.021331, 10.231863, 10.444369, 10.64898, 10.861485, 11.066096, 11.272024, 11.48124, 11.691772, 11.904277, 12.109547, 12.322052, 12.526663, 12.741801, 12.946413, 13.154971, 13.362871, 13.574719, 13.783278, 13.99381, 14.203683, 14.4129, 14.617511, 14.824095, 15.035944, 15.245161, 15.452403, 15.661618, 15.874124, 16.082025, 16.293216, 16.49388, 16.698489, 16.905075, 17.112317, 17.314297, 17.516277, 17.719571, 17.91234, 18.110371, 18.308401, 18.501172, 18.694597, 18.888025, 19.074872, 19.263692, 19.449881, 19.626202, 19.803839, 19.978844, 20.155165, 20.326881, 20.491359, 20.649915, 20.811761, 20.973444, 21.132823, 21.281512, 21.434148, 21.579546, 21.722971, 21.869687, 22.009164, 22.152589, 22.286804, 22.421675, 22.554575, 22.690762, 22.818398, 22.947348, 23.078931, 23.213803, 23.378938, 23.585524, 23.796056, 23.998036, 24.209225, 24.414494, 24.620419, 24.827664, 25.032275, 25.244124, 25.446759, 25.656963, 25.859927, 26.074408, 26.27507, 26.481656, 26.694818, 26.900748, 27.101413, 27.30997, 27.516553, 27.723138, 27.92775, 28.136307, 28.346838, 28.550793, 28.76264, 28.970541, 29.177127, 29.384369, 29.590295, 29.804117, 30.010703, 30.222549, 30.428476, 30.637033, 30.848227, 31.059415, 31.269946, 31.472583, 31.680484, 31.891019, 32.102866, 32.313397, 32.517349, 32.727884, 32.94039, 33.139078, 33.35553, 33.5608, 33.771991, 33.973972, 34.182529, 34.395035, 34.603595, 34.805573, 35.018079, 35.206244, 35.356903, 35.508221, 35.649017, 35.791125, 35.922049, 36.062842, 36.195743, 36.329956, 36.461539, 36.587857, 36.721414, 36.851682, 36.98063, 37.106293, 37.235245, 37.32406, 37.327353, 37.325378, 37.328009]","[10.32822, 10.32822, 10.359041, 10.363876, 10.362063, 10.358437, 10.362969, 10.358437, 10.36025, 10.359041, 10.360249, 10.358437, 10.355415, 10.359042, 10.357228, 10.360249, 10.359042, 10.356624, 10.357228, 10.352998, 10.353603, 10.354811, 10.352394, 10.354811, 10.352998, 10.352998, 10.348768, 10.347559, 10.352393, 10.349372, 10.345141, 10.346955, 10.34212, 10.339702, 10.337285, 10.331242, 10.331242, 10.331242, 10.333659, 10.333054, 10.333659, 10.32822, 10.327616, 10.331241, 10.32822, 10.324593, 10.328824, 10.32822, 10.323385, 10.327615, 10.323385, 10.322176, 10.325198, 10.328824, 10.324594, 10.323385, 10.327011, 10.322176, 10.326407, 10.326407, 10.323989, 10.322781, 10.320665, 10.321572, 10.322781, 10.322176, 10.31009, 10.295586, 10.278664, 10.260533, 10.241798, 10.220042, 10.185595, 10.149938, 10.114282, 10.06654, 10.015775, 9.957153, 9.898532, 9.824198, 9.741402, 9.658003, 9.557682, 9.450715, 9.337097, 9.20656, 9.073, 8.928561, 8.771432, 8.606447, 8.423784, 8.243237, 8.046221, 7.843766, 7.629224, 7.409848, 7.175967, 6.941483, 6.697327, 6.443504, 6.186053, 5.923769, 5.65121, 5.381673, 5.10851, 4.829304, 4.570645, 4.414725, 4.405055, 4.398407, 4.393573, 4.387529, 4.381486, 4.374838, 4.366982, 4.359729, 4.351268, 4.347643, 4.340693, 4.33193, 4.32226, 4.316217, 4.309569, 4.302317, 4.293856, 4.287812, 4.275121, 4.269078, 4.258804, 4.253365, 4.243696, 4.241883, 4.236444, 4.231004, 4.229796, 4.22617, 4.224961, 4.226774, 4.223148, 4.221335, 4.223148, 4.218918, 4.218313, 4.217105, 4.2165, 4.219522, 4.217709, 4.21227, 4.214083, 4.217709, 4.214687, 4.211061, 4.211061, 4.208644, 4.207435, 4.205018, 4.203809, 4.19837, 4.19837, 4.197161, 4.195348, 4.197766, 4.194744, 4.191118, 4.118597, 3.929437, 3.702205, 3.467719, 3.220543, 2.969741, 2.716521, 2.45605, 2.189534, 1.92181, 1.652878, 1.379715, 1.098695, 0.815863, 0.536052, 0.248385, 0.036865, 0.038074, 0.035656, 0.032635]",28.57563,1.561374,89.8,18,4.43,-10.71,59.0,46.83513
2025-09-14T13:04:10,1013.16,"[0.0, 3.082322, 3.083638, 3.330356, 3.542862, 3.754052, 3.963926, 4.171991, 4.377095, 4.587627, 4.793554, 5.00606, 5.218566, 5.425151, 5.635025, 5.843583, 6.052142, 6.261358, 6.469259, 6.677159, 6.887691, 7.096249, 7.308755, 7.51534, 7.719951, 7.931142, 8.1397, 8.350231, 8.561422, 8.769323, 8.981828, 9.18644, 9.392366, 9.598293, 9.810799, 10.020015, 10.228574, 10.43779, 10.648322, 10.854906, 11.063465, 11.27005, 11.476635, 11.689798, 11.90033, 12.104942, 12.316132, 12.526006, 12.73588, 12.943123, 13.150366, 13.356949, 13.571429, 13.778673, 13.987888, 14.199736, 14.406979, 14.614221, 14.823439, 15.033311, 15.241212, 15.449113, 15.663593, 15.868204, 16.08334, 16.282689, 16.485655, 16.693227, 16.901785, 17.103764, 17.31035, 17.511012, 17.711676, 17.907077, 18.104449, 18.298535, 18.49854, 18.689336, 18.880788, 19.069609, 19.260403, 19.441988, 19.620282, 19.800549, 19.974239, 20.147928, 20.318327, 20.488069, 20.651231, 20.807814, 20.972951, 21.128876, 21.275592, 21.426253, 21.570337, 21.721655, 21.864424, 22.003899, 22.148642, 22.287462, 22.425623, 22.561151, 22.702603, 22.848003, 23.043404, 23.24933, 23.459203, 23.667105, 23.875006, 24.078299, 24.28949, 24.496075, 24.697395, 24.907269, 25.114514, 25.320439, 25.525708, 25.734268, 25.938879, 26.149411, 26.354678, 26.555344, 26.761926, 26.974432, 27.177728, 27.387604, 27.59353, 27.798138, 28.003409, 28.211966, 28.421182, 28.63073, 28.841589, 29.05015, 29.260681, 29.471213, 29.67977, 29.882407, 30.092941, 30.305447, 30.508084, 30.722562, 30.931122, 31.139023, 31.351529, 31.55614, 31.767328, 31.974573, 32.181815, 32.394321, 32.604852, 32.810782, 33.019336, 33.224606, 33.435141, 33.646988, 33.856863, 34.061472, 34.272006, 34.475958, 34.64899, 34.802942, 34.947025, 35.091107, 35.231241, 35.377625, 35.511514, 35.656253, 35.791125, 35.927969, 36.062186, 36.200348, 36.329956, 36.455618, 36.589172, 36.720758, 36.848392, 36.978659, 37.107611, 37.228006, 37.31748]","[10.306675, 10.306675, 10.333869, 10.335078, 10.334473, 10.335078, 10.331452, 10.333113, 10.335078, 10.329639, 10.331451, 10.329034, 10.333869, 10.332661, 10.331451, 10.327825, 10.332661, 10.332056, 10.330243, 10.329034, 10.328429, 10.330243, 10.33266, 10.327221, 10.326617, 10.325408, 10.326617, 10.326013, 10.330847, 10.32843, 10.326617, 10.322387, 10.321783, 10.318761, 10.316948, 10.311509, 10.312717, 10.309696, 10.311509, 10.312718, 10.3103, 10.309696, 10.307279, 10.312113, 10.310905, 10.304861, 10.305466, 10.307278, 10.307279, 10.30607, 10.307279, 10.306675, 10.306071, 10.30607, 10.30607, 10.304861, 10.303049, 10.306675, 10.304258, 10.303049, 10.302444, 10.300631, 10.302444, 10.301236, 10.298214, 10.2964, 10.288545, 10.27525, 10.252286, 10.241408, 10.219048, 10.191249, 10.158616, 10.124774, 10.089119, 10.041378, 9.993636, 9.935017, 9.872772, 9.802672, 9.723506, 9.637088, 9.539188, 9.434037, 9.317403, 9.192309, 9.054523, 8.911301, 8.749342, 8.590406, 8.410319, 8.22298, 8.030806, 7.829568, 7.615034, 7.399291, 7.16965, 6.929282, 6.691029, 6.44628, 6.197904, 5.941673, 5.69511, 5.484202, 5.442505, 5.431022, 5.426792, 5.418332, 5.410476, 5.403828, 5.393555, 5.386907, 5.380259, 5.37059, 5.363943, 5.351856, 5.346418, 5.33977, 5.330101, 5.321036, 5.314389, 5.307137, 5.293842, 5.28659, 5.282964, 5.270877, 5.266043, 5.261813, 5.256978, 5.255769, 5.252748, 5.25305, 5.252143, 5.247913, 5.250331, 5.246101, 5.249122, 5.244892, 5.243683, 5.243683, 5.243683, 5.24187, 5.240661, 5.241265, 5.241266, 5.241265, 5.238848, 5.240057, 5.237035, 5.236431, 5.238848, 5.238244, 5.235827, 5.234618, 5.235827, 5.234014, 5.235827, 5.230388, 5.229783, 5.224345, 5.091394, 4.893178, 4.676831, 4.453233, 4.216944, 3.978691, 3.736509, 3.489342, 3.237946, 2.982318, 2.721252, 2.461395, 2.189451, 1.918111, 1.64375, 1.37241, 1.089589, 0.806767, 0.520924, 0.228433, 0.034446]",28.58612,1.788104,91.6,18,5.46,-10.51,49.0,46.82201
2025-09-14T13:05:10,1011.79,"[0.0, 3.079033, 3.077059, 3.323777, 3.536282, 3.747472, 3.956689, 4.162616, 4.369858, 4.581048, 4.788948, 5.000797, 5.211329, 5.421203, 5.629104, 5.835689, 6.045562, 6.256095, 6.464653, 6.674527, 6.883086, 7.090328, 7.298887, 7.512051, 7.715346, 7.924562, 8.134436, 8.341679, 8.550896, 8.76077, 8.973276, 9.180518, 9.390392, 9.596977, 9.809483, 10.016068, 10.224626, 10.431868, 10.642401, 10.851617, 11.061491, 11.265444, 11.472687, 11.686509, 11.895067, 12.103625, 12.312843, 12.52469, 12.733248, 12.935886, 13.14839, 13.355634, 13.561562, 13.774724, 13.98394, 14.193816, 14.399742, 14.608958, 14.814227, 15.027391, 15.238582, 15.445166, 15.657014, 15.861624, 16.072157, 16.284663, 16.485983, 16.692569, 16.897839, 17.103107, 17.308376, 17.50838, 17.711018, 17.905103, 18.103134, 18.297218, 18.496567, 18.687361, 18.884077, 19.06895, 19.25629, 19.442644, 19.623572, 19.798576, 19.975554, 20.14727, 20.31767, 20.484122, 20.654521, 20.817026, 20.971635, 21.131508, 21.278882, 21.429541, 21.582176, 21.726918, 21.86837, 22.01048, 22.151274, 22.291408, 22.428912, 22.566415, 22.703261, 22.850635, 23.03156, 23.241435, 23.448677, 23.654605, 23.864478, 24.071721, 24.276332, 24.481764, 24.686212, 24.892795, 25.10596, 25.309914, 25.517155, 25.725058, 25.930325, 26.13757, 26.341519, 26.550079, 26.75864, 26.959961, 27.168518, 27.373785, 27.583661, 27.787616, 27.996173, 28.205386, 28.411972, 28.622504, 28.833038, 29.042255, 29.250153, 29.456738, 29.665955, 29.877145, 30.082416, 30.292288, 30.498215, 30.714011, 30.917799, 31.127179, 31.333765, 31.544955, 31.756146, 31.960754, 32.17063, 32.383795, 32.588403, 32.799591, 33.004865, 33.214737, 33.426584, 33.635803, 33.843045, 34.052921, 34.262137, 34.467407, 34.649649, 34.806888, 34.953604, 35.098343, 35.241107, 35.385852, 35.520065, 35.661517, 35.800995, 35.934549, 36.068106, 36.199692, 36.333905, 36.468115, 36.596411, 36.729312, 36.853821, 36.983261, 37.110242, 37.237875, 37.331958, 37.332617, 37.335248, 37.335245]","[10.294981, 10.294981, 10.311298, 10.313715, 10.309485, 10.312507, 10.307672, 10.307068, 10.305859, 10.306464, 10.305255, 10.305859, 10.305859, 10.305255, 10.306464, 10.307068, 10.305859, 10.305254, 10.307672, 10.301025, 10.30465, 10.304047, 10.303442, 10.305859, 10.303442, 10.302233, 10.303442, 10.299816, 10.296793, 10.298003, 10.296794, 10.294376, 10.295585, 10.297399, 10.293168, 10.293772, 10.296794, 10.294376, 10.296794, 10.293772, 10.291959, 10.292563, 10.291354, 10.287728, 10.291354, 10.291355, 10.288333, 10.285915, 10.289542, 10.288333, 10.28652, 10.28652, 10.287729, 10.28229, 10.282893, 10.284103, 10.279873, 10.279872, 10.279268, 10.280477, 10.278059, 10.279872, 10.280476, 10.276851, 10.278059, 10.281081, 10.269599, 10.258116, 10.239381, 10.225482, 10.204934, 10.177738, 10.152356, 10.117303, 10.077418, 10.035718, 9.986162, 9.927541, 9.866502, 9.798815, 9.715567, 9.628995, 9.533508, 9.42775, 9.309902, 9.188429, 9.053056, 8.910432, 8.752094, 8.585294, 8.41064, 8.225711, 8.035343, 7.835909, 7.620763, 7.401387, 7.17778, 6.942087, 6.705788, 6.456799, 6.204788, 5.953986, 5.701975, 5.479576, 5.402221, 5.396782, 5.385904, 5.381069, 5.373817, 5.364147, 5.3575, 5.346923, 5.340578, 5.332721, 5.325469, 5.318821, 5.311569, 5.297065, 5.291022, 5.284374, 5.278935, 5.269266, 5.262618, 5.255366, 5.247509, 5.236027, 5.22817, 5.222731, 5.211249, 5.211249, 5.210644, 5.21004, 5.204601, 5.203996, 5.203997, 5.200975, 5.202184, 5.202184, 5.199162, 5.203996, 5.20037, 5.197953, 5.201881, 5.199766, 5.196745, 5.202788, 5.197349, 5.196744, 5.193723, 5.196745, 5.190701, 5.193723, 5.194327, 5.191306, 5.194931, 5.194327, 5.19614, 5.194327, 5.193118, 5.188888, 5.098236, 4.909681, 4.695744, 4.473346, 4.234026, 3.998937, 3.752365, 3.509419, 3.261034, 3.001167, 2.74553, 2.480223, 2.213104, 1.941754, 1.666173, 1.396636, 1.111991, 0.828554, 0.543304, 0.259263, 0.036865, 0.038074, 0.036261, 0.032635]",29.48356,2.618649,90.0,18,5.42,-10.52,50.0,46.4162
2025-09-14T13:15:10,1008.47,"[0.0, 3.016531, 3.021137, 3.26917, 3.481676, 3.695498, 3.904714, 4.115904, 4.319857, 4.529073, 4.734342, 4.946848, 5.156064, 5.369886, 5.577129, 5.788977, 5.996877, 6.202804, 6.413994, 6.619263, 6.829137, 7.039011, 7.251517, 7.454813, 7.663371, 7.870613, 8.078513, 8.286414, 8.501552, 8.709453, 8.917353, 9.125254, 9.338417, 9.543686, 9.752245, 9.963435, 10.170676, 10.381209, 10.589767, 10.797668, 11.003596, 11.208205, 11.418739, 11.62927, 11.836513, 12.052966, 12.258893, 12.466794, 12.673378, 12.881937, 13.093785, 13.302344, 13.50827, 13.717487, 13.929333, 14.136577, 14.348425, 14.557642, 14.765541, 14.975744, 15.181343, 15.3899, 15.601091, 15.80965, 16.017551, 16.223477, 16.432692, 16.636646, 16.839941, 17.041263, 17.249164, 17.451801, 17.648515, 17.841286, 18.043922, 18.238007, 18.436696, 18.627492, 18.822891, 19.009082, 19.193295, 19.380144, 19.557123, 19.74068, 19.911079, 20.088057, 20.2578, 20.426225, 20.590703, 20.753867, 20.909134, 21.069006, 21.219011, 21.366382, 21.517702, 21.665735, 21.809816, 21.951268, 22.091403, 22.232196, 22.367726, 22.509837, 22.649313, 22.813791, 23.017744, 23.223013, 23.429599, 23.638158, 23.844083, 24.051326, 24.257912, 24.466467, 24.671738, 24.874376, 25.082933, 25.290176, 25.500708, 25.703345, 25.911246, 26.122437, 26.326389, 26.529025, 26.734296, 26.943512, 27.146149, 27.352731, 27.563922, 27.767218, 27.979724, 28.18302, 28.398157, 28.604083, 28.8133, 29.025146, 29.231076, 29.441608, 29.647534, 29.851489, 30.061362, 30.277158, 30.483084, 30.694931, 30.901517, 31.112708, 31.317316, 31.526535, 31.735751, 31.950229, 32.15813, 32.369977, 32.575247, 32.786435, 32.99039, 33.202237, 33.410138, 33.621329, 33.827255, 34.036472, 34.245029, 34.454248, 34.621356, 34.7707, 34.918732, 35.065448, 35.2069, 35.35098, 35.491116, 35.629938, 35.770071, 35.900342, 36.041132, 36.174689, 36.308902, 36.437195, 36.567465, 36.701678, 36.829971, 36.956946, 37.091162, 37.21485, 37.279984]","[10.258329, 10.258329, 10.281898, 10.285523, 10.286732, 10.285523, 10.280688, 10.285523, 10.284315, 10.284315, 10.28371, 10.278876, 10.278876, 10.277063, 10.278271, 10.27525, 10.277063, 10.274041, 10.274041, 10.273437, 10.272832, 10.277063, 10.269811, 10.274645, 10.272228, 10.272832, 10.27102, 10.274042, 10.269811, 10.269811, 10.266185, 10.26966, 10.264977, 10.263768, 10.265581, 10.26256, 10.258933, 10.260746, 10.259538, 10.258933, 10.257725, 10.255912, 10.256516, 10.255912, 10.255307, 10.255911, 10.255307, 10.254703, 10.251077, 10.255911, 10.255911, 10.255307, 10.251682, 10.252286, 10.249868, 10.251682, 10.252285, 10.25289, 10.251077, 10.250019, 10.250473, 10.256516, 10.252286, 10.252286, 10.249869, 10.242617, 10.231135, 10.219653, 10.199106, 10.180976, 10.162242, 10.132026, 10.10181, 10.069176, 10.026875, 9.982759, 9.9326, 9.875794, 9.815363, 9.738614, 9.660657, 9.570613, 9.471505, 9.365144, 9.247302, 9.122208, 8.984423, 8.838781, 8.681054, 8.508823, 8.333571, 8.142606, 7.949223, 7.74315, 7.532847, 7.309248, 7.07719, 6.8409, 6.60159, 6.34838, 6.096378, 5.847398, 5.607483, 5.445526, 5.434044, 5.426188, 5.41531, 5.41108, 5.398993, 5.391137, 5.381468, 5.372403, 5.365755, 5.356691, 5.347626, 5.341583, 5.330705, 5.318619, 5.313784, 5.307741, 5.296864, 5.287798, 5.279942, 5.273899, 5.264835, 5.260604, 5.252143, 5.244891, 5.241265, 5.238848, 5.239453, 5.234014, 5.232201, 5.230992, 5.234014, 5.234618, 5.23341, 5.232201, 5.232805, 5.235826, 5.230388, 5.234618, 5.235223, 5.232201, 5.234618, 5.23764, 5.234618, 5.234014, 5.228575, 5.234014, 5.230992, 5.230388, 5.230388, 5.232201, 5.232201, 5.232805, 5.23341, 5.231597, 5.230388, 5.215884, 5.076891, 4.876861, 4.658701, 4.43329, 4.201231, 3.958295, 3.711732, 3.462148, 3.20773, 2.951498, 2.690432, 2.42574, 2.153796, 1.889104, 1.614742, 1.336755, 1.050912, 0.766882, 0.47983, 0.188548, 0.034446]",28.87057,3.042233,78.7,25,5.35,-8.91,49.0,47.78743
2025-09-14T13:16:10,1005.11,"[0.0, 3.02311, 3.019821, 3.274433, 3.486281, 3.695498, 3.905371, 4.109982, 4.317225, 4.527757, 4.736316, 4.948822, 5.158038, 5.371202, 5.575813, 5.789635, 5.997535, 6.201488, 6.413994, 6.621236, 6.827821, 7.043616, 7.250201, 7.45876, 7.667319, 7.870613, 8.084435, 8.290362, 8.49892, 8.712084, 8.918011, 9.125911, 9.341049, 9.541712, 9.752902, 9.963435, 10.168045, 10.382525, 10.591741, 10.801616, 11.0082, 11.213469, 11.423344, 11.62927, 11.842435, 12.054939, 12.25955, 12.471399, 12.681931, 12.884569, 13.093785, 13.303659, 13.514191, 13.723407, 13.933282, 14.142497, 14.351714, 14.559616, 14.765543, 14.976567, 15.184633, 15.399112, 15.602406, 15.814914, 16.021498, 16.224792, 16.432034, 16.634673, 16.840599, 17.043893, 17.250479, 17.448511, 17.651807, 17.841943, 18.045238, 18.239322, 18.430775, 18.622227, 18.816312, 19.003816, 19.19527, 19.376196, 19.557123, 19.73147, 19.909105, 20.086743, 20.250562, 20.418329, 20.58215, 20.740707, 20.902553, 21.060452, 21.209142, 21.363094, 21.505203, 21.653891, 21.79929, 21.941399, 22.081534, 22.221011, 22.357858, 22.497992, 22.644049, 22.83287, 23.037482, 23.248012, 23.451967, 23.661841, 23.867108, 24.075011, 24.282254, 24.481599, 24.692133, 24.898718, 25.103986, 25.307283, 25.517813, 25.728348, 25.932463, 26.138226, 26.344153, 26.549423, 26.754034, 26.966537, 27.171805, 27.375104, 27.59024, 27.792877, 28.000119, 28.20802, 28.413947, 28.625137, 28.836325, 29.045544, 29.252127, 29.466608, 29.668585, 29.87583, 30.085046, 30.298868, 30.510059, 30.715326, 30.925858, 31.132443, 31.340344, 31.548901, 31.761572, 31.971939, 32.177209, 32.389716, 32.597617, 32.80683, 33.014075, 33.219342, 33.429218, 33.639752, 33.848306, 34.058841, 34.265424, 34.454901, 34.615436, 34.756885, 34.908862, 35.047681, 35.195712, 35.332559, 35.481906, 35.617438, 35.754282, 35.891125, 36.027975, 36.15824, 36.291797, 36.419434, 36.549042, 36.679965, 36.813522, 36.94593, 37.073398, 37.197745, 37.23985, 37.24248]","[10.267785, 10.267785, 10.287125, 10.285916, 10.284707, 10.278664, 10.281081, 10.280476, 10.279872, 10.279872, 10.276851, 10.276247, 10.279873, 10.279872, 10.274433, 10.279268, 10.277455, 10.273225, 10.276247, 10.277455, 10.271412, 10.275642, 10.273225, 10.275038, 10.275642, 10.27262, 10.270203, 10.270808, 10.272015, 10.27262, 10.26839, 10.267786, 10.266576, 10.267785, 10.265368, 10.264159, 10.268994, 10.26839, 10.265972, 10.267786, 10.26839, 10.266576, 10.268994, 10.264159, 10.265368, 10.265368, 10.267785, 10.26839, 10.266576, 10.270203, 10.268994, 10.270807, 10.270203, 10.269598, 10.267181, 10.267785, 10.271411, 10.270203, 10.270808, 10.270807, 10.270203, 10.267786, 10.267785, 10.264763, 10.257512, 10.247842, 10.235755, 10.216416, 10.201308, 10.180156, 10.159608, 10.130599, 10.100986, 10.064122, 10.021818, 9.974075, 9.926331, 9.868919, 9.800628, 9.728107, 9.641686, 9.553452, 9.451923, 9.343745, 9.222272, 9.101404, 8.95757, 8.809808, 8.648751, 8.478326, 8.301859, 8.108469, 7.915079, 7.704163, 7.496268, 7.26964, 7.038177, 6.800066, 6.558933, 6.311757, 6.058538, 5.80834, 5.588358, 5.511607, 5.504959, 5.497103, 5.491059, 5.48139, 5.475346, 5.466281, 5.459633, 5.448755, 5.436064, 5.433646, 5.423977, 5.413099, 5.404638, 5.395573, 5.387716, 5.379256, 5.37019, 5.363543, 5.355082, 5.346621, 5.339369, 5.330304, 5.326073, 5.318821, 5.318822, 5.315195, 5.315195, 5.312778, 5.309756, 5.307339, 5.310965, 5.308548, 5.309756, 5.308548, 5.309152, 5.303713, 5.306131, 5.307944, 5.308548, 5.306131, 5.303713, 5.304318, 5.303864, 5.304922, 5.303109, 5.303109, 5.304922, 5.303714, 5.300692, 5.303109, 5.299483, 5.300087, 5.303713, 5.29767, 5.300087, 5.236027, 5.052911, 4.838369, 4.614762, 4.387529, 4.154253, 3.912516, 3.663527, 3.417559, 3.157087, 2.905076, 2.63977, 2.373255, 2.104926, 1.830555, 1.55437, 1.278185, 0.997166, 0.707837, 0.423644, 0.135977, 0.033239, 0.035052]",28.37541,4.107525,79.4,25,5.43,-8.76,48.0,47.86163
2025-09-14T13:17:10,1006.03,"[0.0, 3.019821, 3.025084, 3.26917, 3.486281, 3.694181, 3.901424, 4.11722, 4.320515, 4.527758, 4.739605, 4.946848, 5.158696, 5.367254, 5.577128, 5.788319, 5.996877, 6.201488, 6.411362, 6.614658, 6.831769, 7.039669, 7.249544, 7.452509, 7.669292, 7.871929, 8.078514, 8.292336, 8.501553, 8.71011, 8.916037, 9.123937, 9.337102, 9.541055, 9.751587, 9.958829, 10.170019, 10.382526, 10.590426, 10.79701, 11.0082, 11.214127, 11.420712, 11.631244, 11.839803, 12.049677, 12.260209, 12.466135, 12.678641, 12.884567, 13.089836, 13.302178, 13.511559, 13.718802, 13.928676, 14.139867, 14.345793, 14.556325, 14.766199, 14.9741, 15.182658, 15.392532, 15.600433, 15.807018, 16.020181, 16.221504, 16.426772, 16.63533, 16.835992, 17.039288, 17.245874, 17.44259, 17.653123, 17.841286, 18.039316, 18.236691, 18.436038, 18.625517, 18.813022, 19.003817, 19.187375, 19.376855, 19.553831, 19.730154, 19.906474, 20.079504, 20.248589, 20.420305, 20.580177, 20.74334, 20.903212, 21.059796, 21.207826, 21.358487, 21.503886, 21.651259, 21.798631, 21.941399, 22.081534, 22.220352, 22.361806, 22.503256, 22.646025, 22.844057, 23.042087, 23.255908, 23.45723, 23.666775, 23.875006, 24.080273, 24.290147, 24.495418, 24.698712, 24.906612, 25.115829, 25.321754, 25.52505, 25.733612, 25.940195, 26.14678, 26.350073, 26.561923, 26.76456, 26.971143, 27.177728, 27.380365, 27.592871, 27.802087, 28.008014, 28.212625, 28.423157, 28.635663, 28.844879, 29.050806, 29.258707, 29.466608, 29.672534, 29.883725, 30.094913, 30.305447, 30.512033, 30.726183, 30.927173, 31.142969, 31.34758, 31.554166, 31.765356, 31.974573, 32.185104, 32.39761, 32.602222, 32.810782, 33.02197, 33.231842, 33.435141, 33.646332, 33.856204, 34.064761, 34.272662, 34.456879, 34.618726, 34.76478, 34.916101, 35.055582, 35.200977, 35.339139, 35.480591, 35.622043, 35.758228, 35.893759, 36.031265, 36.162848, 36.300351, 36.429303, 36.555621, 36.686874, 36.823392, 36.950369, 37.076688, 37.201035, 37.260248]","[10.246243, 10.246243, 10.277063, 10.282502, 10.27948, 10.27525, 10.278876, 10.276459, 10.278271, 10.278876, 10.277667, 10.27948, 10.277667, 10.275854, 10.27525, 10.276459, 10.274041, 10.275854, 10.274645, 10.273437, 10.272228, 10.27102, 10.274646, 10.271926, 10.27102, 10.269207, 10.27102, 10.269811, 10.267999, 10.267999, 10.264371, 10.267394, 10.266185, 10.26558, 10.263163, 10.26256, 10.267998, 10.260746, 10.263768, 10.262559, 10.264977, 10.260142, 10.25712, 10.257121, 10.258933, 10.258933, 10.258933, 10.25712, 10.257121, 10.258328, 10.25289, 10.256063, 10.25712, 10.254703, 10.25289, 10.255307, 10.255911, 10.255307, 10.250472, 10.250473, 10.254099, 10.254099, 10.24866, 10.250472, 10.249868, 10.233553, 10.227509, 10.213609, 10.19548, 10.176141, 10.151364, 10.126587, 10.09758, 10.06132, 10.019019, 9.972485, 9.920514, 9.863708, 9.796629, 9.725772, 9.637692, 9.549462, 9.450353, 9.342784, 9.223734, 9.0932, 8.956624, 8.806149, 8.645399, 8.476794, 8.299728, 8.10695, 7.908733, 7.705078, 7.49417, 7.268759, 7.037304, 6.801015, 6.560496, 6.312725, 6.060723, 5.814765, 5.59721, 5.540404, 5.533152, 5.523483, 5.513814, 5.506109, 5.503541, 5.493267, 5.484202, 5.477555, 5.469095, 5.461843, 5.453382, 5.444317, 5.433439, 5.426792, 5.41954, 5.408058, 5.403828, 5.393555, 5.383281, 5.374216, 5.364547, 5.358504, 5.353065, 5.350647, 5.342187, 5.337352, 5.338561, 5.336144, 5.336144, 5.336144, 5.336748, 5.336144, 5.334331, 5.337352, 5.332518, 5.330705, 5.334331, 5.332367, 5.333727, 5.332518, 5.331913, 5.328893, 5.330705, 5.328893, 5.328288, 5.326475, 5.33131, 5.329497, 5.328288, 5.330101, 5.328892, 5.33131, 5.331914, 5.331914, 5.332518, 5.255165, 5.067826, 4.854501, 4.633924, 4.407909, 4.16739, 3.928079, 3.677286, 3.432537, 3.176305, 2.921282, 2.660216, 2.391898, 2.122371, 1.848614, 1.574857, 1.297777, 1.018883, 0.728205, 0.441153, 0.151684, 0.035051]",28.6357,2.767318,80.0,25,5.46,-8.83,48.0,47.76327
2025-09-14T13:18:10,1003.89,"[0.0, 3.019821, 3.019821, 3.252064, 3.458649, 3.661286, 3.870502, 4.075771, 4.279066, 4.484335, 4.688946, 4.896188, 5.101458, 5.309358, 5.517258, 5.721869, 5.925165, 6.129118, 6.338334, 6.543603, 6.744924, 6.95414, 7.161383, 7.36731, 7.570605, 7.772585, 7.982458, 8.183122, 8.392338, 8.598923, 8.804192, 9.007487, 9.213414, 9.421314, 9.624609, 9.830537, 10.033173, 10.239758, 10.446343, 10.654243, 10.860828, 11.064781, 11.262813, 11.473344, 11.680588, 11.883882, 12.088494, 12.300342, 12.501006, 12.702985, 12.908253, 13.116154, 13.323396, 13.525375, 13.731302, 13.937886, 14.145787, 14.348425, 14.555667, 14.760936, 14.96489, 15.170158, 15.381348, 15.583327, 15.785307, 15.990576, 16.188608, 16.396509, 16.59783, 16.801782, 16.997183, 17.195872, 17.394562, 17.591936, 17.790627, 17.985368, 18.173531, 18.365642, 18.554462, 18.743942, 18.930132, 19.11484, 19.296588, 19.471594, 19.644624, 19.824236, 19.990686, 20.155823, 20.322275, 20.486095, 20.650572, 20.802551, 20.955188, 21.111113, 21.255196, 21.401251, 21.545995, 21.688103, 21.831528, 21.96969, 22.107193, 22.242064, 22.382858, 22.517731, 22.676286, 22.87695, 23.078932, 23.28091, 23.488811, 23.689473, 23.894084, 24.096722, 24.30084, 24.503311, 24.70266, 24.907271, 25.113197, 25.313203, 25.52242, 25.721765, 25.925061, 26.131647, 26.330994, 26.535605, 26.73364, 26.938904, 27.144174, 27.346811, 27.546161, 27.759323, 27.958014, 28.16394, 28.366577, 28.573819, 28.77843, 28.985016, 29.192917, 29.3995, 29.596216, 29.804117, 30.012018, 30.220578, 30.421896, 30.629963, 30.837698, 31.040335, 31.245602, 31.448901, 31.657458, 31.862726, 32.066022, 32.275238, 32.480508, 32.685776, 32.894992, 33.096313, 33.29895, 33.500272, 33.712778, 33.919363, 34.123315, 34.324637, 34.491089, 34.644385, 34.785837, 34.925311, 35.066107, 35.208215, 35.350323, 35.486511, 35.619409, 35.7556, 35.888495, 36.02337, 36.154294, 36.291138, 36.4168, 36.542957, 36.668781, 36.800363, 36.926025, 37.047742, 37.170767, 37.19248, 37.191821, 37.190506, 37.193796]","[10.246243, 10.246243, 10.273437, 10.267999, 10.269811, 10.268603, 10.267999, 10.267394, 10.267999, 10.268603, 10.266186, 10.265581, 10.263768, 10.266185, 10.264977, 10.266185, 10.266185, 10.264371, 10.263164, 10.265581, 10.263768, 10.265581, 10.261351, 10.263767, 10.260746, 10.26256, 10.260746, 10.260142, 10.258933, 10.258329, 10.262559, 10.261351, 10.260745, 10.263164, 10.260142, 10.258932, 10.260746, 10.25712, 10.251682, 10.255911, 10.252286, 10.254099, 10.251077, 10.256516, 10.251077, 10.25289, 10.253494, 10.250473, 10.253494, 10.250473, 10.249264, 10.251077, 10.24866, 10.247451, 10.250472, 10.248055, 10.245638, 10.251681, 10.246847, 10.249264, 10.245638, 10.243221, 10.243221, 10.242616, 10.243826, 10.233552, 10.228113, 10.219048, 10.19971, 10.182789, 10.162846, 10.138069, 10.117522, 10.087306, 10.052256, 10.009954, 9.958586, 9.915076, 9.856456, 9.79119, 9.721088, 9.641923, 9.556109, 9.455792, 9.351244, 9.238841, 9.116164, 8.978984, 8.835156, 8.684076, 8.514866, 8.346261, 8.166174, 7.973396, 7.778805, 7.568501, 7.350342, 7.127953, 6.900124, 6.661417, 6.418481, 6.176753, 5.927169, 5.687858, 5.520462, 5.504145, 5.497497, 5.488433, 5.482389, 5.470303, 5.46426, 5.458821, 5.447943, 5.438879, 5.426792, 5.422562, 5.413497, 5.406849, 5.395367, 5.386907, 5.377842, 5.368777, 5.359713, 5.348835, 5.340374, 5.333122, 5.326475, 5.318619, 5.314389, 5.307741, 5.300489, 5.298676, 5.296863, 5.293238, 5.298676, 5.294446, 5.294446, 5.296864, 5.29082, 5.29505, 5.29505, 5.292029, 5.294446, 5.293087, 5.294446, 5.292029, 5.291425, 5.293842, 5.293238, 5.29082, 5.29082, 5.293842, 5.293842, 5.293842, 5.291424, 5.29082, 5.291424, 5.292633, 5.29082, 5.289611, 5.29082, 5.275108, 5.134301, 4.932458, 4.723968, 4.505204, 4.276167, 4.039878, 3.799963, 3.559444, 3.312277, 3.058463, 2.804044, 2.547208, 2.28312, 2.018428, 1.748902, 1.476051, 1.206222, 0.922796, 0.645414, 0.363801, 0.081583, 0.033238, 0.033238, 0.032029, 0.035655]",29.19958,1.248868,81.3,25,5.42,-8.72,48.0,49.34055
2025-09-14T13:23:10,1002.82,"[0.0, 3.009952, 3.013242, 3.205352, 3.457991, 3.65997, 3.863923, 4.074455, 4.275119, 4.479729, 4.68763, 4.894873, 5.09751, 5.307384, 5.511995, 5.716606, 5.922533, 6.126486, 6.331755, 6.537024, 6.743608, 6.942956, 7.15612, 7.356783, 7.565342, 7.766663, 7.973248, 8.177859, 8.389048, 8.594318, 8.798929, 9.002882, 9.207493, 9.414076, 9.616056, 9.822641, 10.029884, 10.235811, 10.439106, 10.649638, 10.857538, 11.060175, 11.262154, 11.473345, 11.674008, 11.881251, 12.083889, 12.294421, 12.499031, 12.706274, 12.904306, 13.112206, 13.317474, 13.528008, 13.732619, 13.936571, 14.14184, 14.346451, 14.551062, 14.752383, 14.966864, 15.169499, 15.373454, 15.583327, 15.78399, 15.987286, 16.187291, 16.38927, 16.59454, 16.793887, 16.990602, 17.194557, 17.391931, 17.59062, 17.785362, 17.97813, 18.168268, 18.360378, 18.550516, 18.736705, 18.92355, 19.107768, 19.285403, 19.467647, 19.637058, 19.813049, 19.98345, 20.152534, 20.319643, 20.476227, 20.634782, 20.792024, 20.946635, 21.099927, 21.245985, 21.3927, 21.536781, 21.680865, 21.82166, 21.961795, 22.096008, 22.234169, 22.371016, 22.511151, 22.676945, 22.875635, 23.082878, 23.282883, 23.486838, 23.690131, 23.892769, 24.100011, 24.303964, 24.507262, 24.705292, 24.909409, 25.114513, 25.313202, 25.523077, 25.719794, 25.927036, 26.129016, 26.332968, 26.534946, 26.735611, 26.942197, 27.143518, 27.345496, 27.550766, 27.751428, 27.953409, 28.162625, 28.368549, 28.572504, 28.777774, 28.988306, 29.187653, 29.3995, 29.597531, 29.808722, 30.012018, 30.215314, 30.421896, 30.633253, 30.837042, 31.040994, 31.248895, 31.454163, 31.654169, 31.862726, 32.068655, 32.277869, 32.481168, 32.689066, 32.893674, 33.096973, 33.299609, 33.505536, 33.714096, 33.92002, 34.125946, 34.322662, 34.485825, 34.639117, 34.780573, 34.918732, 35.060843, 35.200974, 35.335849, 35.47796, 35.61283, 35.748358, 35.884549, 36.014157, 36.150673, 36.279297, 36.408246, 36.532593, 36.663516, 36.789182, 36.918127, 37.043793, 37.164847, 37.177347, 37.181955]","[10.231135, 10.231135, 10.263768, 10.264372, 10.266185, 10.266185, 10.262559, 10.261955, 10.261351, 10.261954, 10.260143, 10.257724, 10.26135, 10.257725, 10.258933, 10.25712, 10.258329, 10.257121, 10.260142, 10.258933, 10.258328, 10.259538, 10.255911, 10.254703, 10.255911, 10.256818, 10.254099, 10.253494, 10.253494, 10.251682, 10.255308, 10.25289, 10.255912, 10.253494, 10.254703, 10.254703, 10.25289, 10.251682, 10.253494, 10.25289, 10.254099, 10.251077, 10.249869, 10.255307, 10.254099, 10.255911, 10.255307, 10.25289, 10.254099, 10.254703, 10.258932, 10.254703, 10.252285, 10.258329, 10.255911, 10.254703, 10.254099, 10.251681, 10.251077, 10.25289, 10.254703, 10.250472, 10.24866, 10.249265, 10.242013, 10.23597, 10.225696, 10.209983, 10.200919, 10.18158, 10.158012, 10.140487, 10.110271, 10.077637, 10.043796, 10.008745, 9.961608, 9.909637, 9.855247, 9.787564, 9.712628, 9.636484, 9.544627, 9.446728, 9.342029, 9.226151, 9.102265, 8.96871, 8.821256, 8.669572, 8.501572, 8.328736, 8.148649, 7.955266, 7.756445, 7.550372, 7.330399, 7.108614, 6.874138, 6.643892, 6.399747, 6.151371, 5.907831, 5.673959, 5.530735, 5.518649, 5.512001, 5.50354, 5.498101, 5.488433, 5.478764, 5.473325, 5.461842, 5.456403, 5.444921, 5.435857, 5.429209, 5.41954, 5.41108, 5.400806, 5.389929, 5.380864, 5.374821, 5.368173, 5.358504, 5.349439, 5.340979, 5.333727, 5.325267, 5.318619, 5.314993, 5.314993, 5.311971, 5.311367, 5.309554, 5.307741, 5.307137, 5.307741, 5.307137, 5.304719, 5.305324, 5.302906, 5.30472, 5.303662, 5.304115, 5.304115, 5.305928, 5.303511, 5.304115, 5.305928, 5.302302, 5.301698, 5.298072, 5.302906, 5.30472, 5.302302, 5.300489, 5.301698, 5.304115, 5.298676, 5.301093, 5.280547, 5.127049, 4.930041, 4.715508, 4.493722, 4.267102, 4.027792, 3.790294, 3.546753, 3.299586, 3.04698, 2.795584, 2.535122, 2.273753, 2.009968, 1.738628, 1.465476, 1.192323, 0.917358, 0.635744, 0.349297, 0.071914, 0.036864, 0.039281]",28.57046,2.445435,62.1,30,5.31,-3.81,48.0,48.59734
2025-09-14T13:24:10,1000.84,"[0.0, 3.013242, 3.011926, 3.265222, 3.47707, 3.690234, 3.896819, 4.108667, 4.317225, 4.52052, 4.729737, 4.942242, 5.150801, 5.363965, 5.569891, 5.781739, 5.987667, 6.190303, 6.406757, 6.613342, 6.81861, 7.033748, 7.240333, 7.448891, 7.658108, 7.862718, 8.072593, 8.282467, 8.490367, 8.701557, 8.914062, 9.118016, 9.330522, 9.535133, 9.745007, 9.953566, 10.164756, 10.372657, 10.581215, 10.791747, 10.998332, 11.2036, 11.417422, 11.622033, 11.834539, 12.043098, 12.252973, 12.462846, 12.672062, 12.875357, 13.085067, 13.294447, 13.501033, 13.715512, 13.922755, 14.131313, 14.342503, 14.547772, 14.753041, 14.964232, 15.172789, 15.387927, 15.587933, 15.805702, 16.008997, 16.21032, 16.416904, 16.622173, 16.828757, 17.034685, 17.234689, 17.437326, 17.63799, 17.832733, 18.02879, 18.229454, 18.420906, 18.615648, 18.805127, 18.994606, 19.180138, 19.367315, 19.540674, 19.716336, 19.893974, 20.065031, 20.232141, 20.402541, 20.568333, 20.729523, 20.886105, 21.04203, 21.189404, 21.340724, 21.491388, 21.634152, 21.780211, 21.921661, 22.061139, 22.203908, 22.341411, 22.479572, 22.630893, 22.821687, 23.024324, 23.234856, 23.44144, 23.651973, 23.853294, 24.062511, 24.271068, 24.475679, 24.680949, 24.888847, 25.09346, 25.300043, 25.509261, 25.711899, 25.926376, 26.129013, 26.33494, 26.538235, 26.746796, 26.954037, 27.156674, 27.361942, 27.570502, 27.777744, 27.985648, 28.19552, 28.404077, 28.607373, 28.824484, 29.029752, 29.242917, 29.450159, 29.650824, 29.860696, 30.071887, 30.281104, 30.487688, 30.700851, 30.907437, 31.121259, 31.328503, 31.537061, 31.745621, 31.953519, 32.162735, 32.375241, 32.585114, 32.793674, 32.99631, 33.208817, 33.412772, 33.624619, 33.834491, 34.043707, 34.252924, 34.44964, 34.606885, 34.753595, 34.899655, 35.047684, 35.189133, 35.335849, 35.472696, 35.61283, 35.750992, 35.8931, 36.025345, 36.157253, 36.292456, 36.418774, 36.554965, 36.681284, 36.813522, 36.941815, 37.071426, 37.197745, 37.242484]","[10.224311, 10.224311, 10.250899, 10.262984, 10.264797, 10.262984, 10.260567, 10.26238, 10.263588, 10.259358, 10.258754, 10.258754, 10.254524, 10.260567, 10.255128, 10.255128, 10.255733, 10.254524, 10.252107, 10.253316, 10.252107, 10.250899, 10.250748, 10.249086, 10.24969, 10.246065, 10.247878, 10.245461, 10.245461, 10.24969, 10.243648, 10.242439, 10.238813, 10.245461, 10.244252, 10.241835, 10.240022, 10.237605, 10.237605, 10.241231, 10.238813, 10.236396, 10.242439, 10.241835, 10.241231, 10.238209, 10.238813, 10.243044, 10.241835, 10.241231, 10.237907, 10.240626, 10.243648, 10.241231, 10.237605, 10.237, 10.240022, 10.232166, 10.235792, 10.233979, 10.230958, 10.233375, 10.227937, 10.223707, 10.218268, 10.209203, 10.196514, 10.184428, 10.169926, 10.146359, 10.121584, 10.097413, 10.063573, 10.027922, 9.985622, 9.940302, 9.888335, 9.830928, 9.758416, 9.687112, 9.606139, 9.509002, 9.412167, 9.30098, 9.178313, 9.050811, 8.910619, 8.759551, 8.602441, 8.429014, 8.251357, 8.058594, 7.859788, 7.654939, 7.442235, 7.210798, 6.986612, 6.746716, 6.502589, 6.25242, 6.001042, 5.755103, 5.538168, 5.482575, 5.476532, 5.471094, 5.460821, 5.451153, 5.445715, 5.437255, 5.430003, 5.420335, 5.411875, 5.402811, 5.39556, 5.388308, 5.378036, 5.37018, 5.36172, 5.351448, 5.342384, 5.330902, 5.321234, 5.314587, 5.305523, 5.294646, 5.289812, 5.28256, 5.27833, 5.278331, 5.2741, 5.270475, 5.270475, 5.268058, 5.273496, 5.270475, 5.265641, 5.267454, 5.265037, 5.26685, 5.264734, 5.268058, 5.266245, 5.265641, 5.265036, 5.264432, 5.268058, 5.266849, 5.262619, 5.265641, 5.261411, 5.266245, 5.262015, 5.263224, 5.263224, 5.263224, 5.260202, 5.264432, 5.258994, 5.219716, 5.041455, 4.836002, 4.614234, 4.389444, 4.150152, 3.910255, 3.666733, 3.41898, 3.158539, 2.905952, 2.646114, 2.380083, 2.107707, 1.835783, 1.564465, 1.286499, 1.003699, 0.71969, 0.433869, 0.143817, 0.038069]",29.29055,1.404339,63.1,30,5.27,-3.88,49.0,48.02861
2025-09-14T13:25:10,1003.89,"[0.0, 3.016531, 3.015215, 3.267196, 3.481018, 3.692208, 3.898135, 4.106693, 4.319857, 4.521836, 4.728421, 4.94619, 5.149485, 5.360017, 5.569233, 5.784372, 5.988324, 6.196225, 6.403468, 6.614658, 6.820584, 7.035064, 7.242964, 7.450207, 7.654818, 7.869298, 8.073415, 8.282467, 8.491683, 8.703532, 8.9088, 9.11999, 9.333812, 9.535791, 9.745666, 9.950934, 10.167387, 10.375946, 10.584504, 10.794379, 10.996357, 11.205574, 11.417422, 11.624007, 11.833223, 12.045071, 12.250999, 12.456925, 12.668114, 12.875357, 13.083916, 13.293132, 13.502348, 13.714854, 13.922755, 14.134602, 14.342503, 14.546457, 14.757646, 14.968178, 15.176079, 15.387927, 15.595171, 15.80307, 16.010971, 16.216238, 16.418877, 16.624803, 16.829414, 17.037315, 17.237978, 17.440614, 17.643253, 17.834048, 18.034711, 18.232085, 18.42354, 18.61828, 18.809734, 18.997237, 19.18277, 19.367642, 19.545938, 19.720943, 19.900552, 20.070459, 20.240694, 20.407146, 20.568993, 20.732813, 20.89071, 21.046635, 21.195984, 21.345987, 21.495334, 21.640733, 21.787447, 21.927583, 22.068375, 22.206538, 22.347331, 22.48615, 22.644707, 22.843399, 23.044061, 23.24933, 23.458545, 23.665131, 23.878294, 24.080273, 24.287515, 24.49147, 24.694763, 24.903983, 25.113857, 25.318466, 25.523735, 25.732294, 25.942825, 26.140857, 26.348758, 26.557318, 26.76456, 26.971802, 27.173779, 27.378394, 27.590897, 27.798798, 28.006699, 28.209995, 28.419867, 28.627768, 28.842249, 29.046201, 29.260022, 29.464633, 29.668588, 29.878461, 30.087677, 30.300839, 30.507425, 30.715326, 30.925861, 31.140338, 31.346265, 31.554166, 31.764041, 31.968815, 32.178528, 32.39169, 32.603537, 32.810123, 33.01868, 33.221976, 33.431848, 33.643698, 33.848306, 34.059497, 34.261478, 34.459509, 34.617407, 34.766754, 34.907547, 35.052945, 35.20032, 35.339798, 35.48125, 35.618753, 35.752307, 35.897049, 36.031921, 36.164819, 36.301666, 36.42601, 36.556277, 36.692631, 36.821417, 36.948395, 37.074713, 37.20498, 37.260904]","[10.243612, 10.243612, 10.266576, 10.265368, 10.268389, 10.266576, 10.266576, 10.265368, 10.263554, 10.259325, 10.262347, 10.261742, 10.262346, 10.260533, 10.259324, 10.265368, 10.25872, 10.255095, 10.259929, 10.259929, 10.257512, 10.258116, 10.255094, 10.253886, 10.255698, 10.253281, 10.253432, 10.253886, 10.25449, 10.25026, 10.25449, 10.253281, 10.252073, 10.249051, 10.246634, 10.246634, 10.243008, 10.241194, 10.239381, 10.241194, 10.241798, 10.239986, 10.236964, 10.241194, 10.242403, 10.242403, 10.239381, 10.238776, 10.236359, 10.239381, 10.239381, 10.243008, 10.238777, 10.237568, 10.239986, 10.241798, 10.24059, 10.238172, 10.237568, 10.238777, 10.236359, 10.234547, 10.239986, 10.235151, 10.232734, 10.220042, 10.21279, 10.198286, 10.180156, 10.160213, 10.13483, 10.105822, 10.076814, 10.040553, 9.998853, 9.954132, 9.900345, 9.842933, 9.774641, 9.699098, 9.619325, 9.529883, 9.421706, 9.31655, 9.196889, 9.068165, 8.929166, 8.779289, 8.617325, 8.447504, 8.269828, 8.080668, 7.880631, 7.673341, 7.462425, 7.233984, 7.004334, 6.768036, 6.52509, 6.274892, 6.032551, 5.781144, 5.584128, 5.552098, 5.543033, 5.536385, 5.527924, 5.519464, 5.511002, 5.498311, 5.496498, 5.481994, 5.478368, 5.466885, 5.461446, 5.449964, 5.440597, 5.433042, 5.420351, 5.413703, 5.39799, 5.391947, 5.384695, 5.376838, 5.365356, 5.361125, 5.353269, 5.34783, 5.344204, 5.341787, 5.339369, 5.33393, 5.33393, 5.3297, 5.33393, 5.330908, 5.327887, 5.329699, 5.326073, 5.328491, 5.330304, 5.328491, 5.331512, 5.327282, 5.327887, 5.329095, 5.326678, 5.324261, 5.326678, 5.326073, 5.324865, 5.326074, 5.319426, 5.32003, 5.319426, 5.321843, 5.319426, 5.313987, 5.316404, 5.253553, 5.069832, 4.86496, 4.638936, 4.417142, 4.1748, 3.93125, 3.688909, 3.441129, 3.190326, 2.931063, 2.666965, 2.405889, 2.132122, 1.860772, 1.587609, 1.312179, 1.0298, 0.741529, 0.457488, 0.166194, 0.038678]",28.65754,3.137689,63.1,30,5.33,-3.84,48.0,47.63857
2025-09-14T13:31:10,995.2,"[0.0, 2.993504, 2.993504, 3.242196, 3.454043, 3.667207, 3.875766, 4.083008, 4.289593, 4.498151, 4.705394, 4.916584, 5.123827, 5.334359, 5.549496, 5.757396, 5.963981, 6.17254, 6.375835, 6.590643, 6.797557, 7.003484, 7.211385, 7.421259, 7.637054, 7.836402, 8.044302, 8.255492, 8.465367, 8.675899, 8.884457, 9.093016, 9.304864, 9.498948, 9.713428, 9.92396, 10.13186, 10.335813, 10.548977, 10.754904, 10.968726, 11.173336, 11.381895, 11.591769, 11.800328, 12.006912, 12.217444, 12.426003, 12.635877, 12.840489, 13.05135, 13.258922, 13.470111, 13.6813, 13.891176, 14.099075, 14.308293, 14.514218, 14.722777, 14.933968, 15.141869, 15.351743, 15.558986, 15.768202, 15.978076, 16.182686, 16.390587, 16.595856, 16.805072, 17.010341, 17.21232, 17.414299, 17.616278, 17.810364, 18.011026, 18.203795, 18.400511, 18.594595, 18.782758, 18.976184, 19.155138, 19.340176, 19.521594, 19.700548, 19.875552, 20.048584, 20.219641, 20.386093, 20.547939, 20.710443, 20.874265, 21.022295, 21.17822, 21.32625, 21.478885, 21.622311, 21.766394, 21.91245, 22.051271, 22.190091, 22.330884, 22.469702, 22.614444, 22.791423, 22.991429, 23.204591, 23.409203, 23.615788, 23.821056, 24.031589, 24.23949, 24.442783, 24.651343, 24.852005, 25.061879, 25.267149, 25.471761, 25.682294, 25.887561, 26.094806, 26.29744, 26.507315, 26.712582, 26.917853, 27.121808, 27.331024, 27.537607, 27.741559, 27.95538, 28.155386, 28.366577, 28.575793, 28.788959, 28.994885, 29.201468, 29.413974, 29.615295, 29.827802, 30.036362, 30.247549, 30.455616, 30.666638, 30.877173, 31.087048, 31.29166, 31.502191, 31.712723, 31.919308, 32.127866, 32.337738, 32.54827, 32.758804, 32.96539, 33.171317, 33.381189, 33.586459, 33.798965, 34.009497, 34.220029, 34.427271, 34.59899, 34.750308, 34.900311, 35.043735, 35.187817, 35.330588, 35.472696, 35.610199, 35.746059, 35.886523, 36.018762, 36.156924, 36.289822, 36.4168, 36.546411, 36.682599, 36.812204, 36.941159, 37.070767, 37.195111, 37.245111, 37.245114, 37.24577, 37.249719]","[10.158228, 10.158228, 10.187838, 10.183608, 10.185421, 10.1824, 10.183004, 10.183608, 10.179983, 10.176357, 10.17817, 10.179378, 10.176961, 10.174545, 10.179983, 10.175752, 10.173335, 10.173335, 10.172127, 10.171824, 10.172731, 10.16971, 10.16548, 10.164271, 10.16548, 10.166084, 10.167293, 10.164876, 10.160645, 10.160645, 10.160041, 10.156415, 10.153393, 10.147955, 10.143725, 10.13889, 10.138891, 10.13466, 10.133452, 10.130431, 10.132848, 10.128617, 10.131035, 10.128617, 10.127409, 10.126201, 10.127409, 10.1262, 10.126201, 10.127409, 10.128014, 10.124387, 10.125597, 10.1262, 10.12197, 10.120762, 10.12197, 10.123783, 10.123783, 10.124387, 10.120762, 10.117741, 10.118949, 10.118949, 10.119553, 10.120158, 10.120158, 10.108675, 10.091755, 10.075439, 10.047038, 10.021658, 9.998694, 9.960623, 9.92074, 9.873605, 9.824052, 9.763018, 9.695941, 9.62403, 9.543054, 9.4512, 9.353305, 9.245135, 9.129111, 8.995561, 8.859595, 8.71275, 8.550195, 8.385826, 8.208766, 8.017204, 7.817787, 7.61293, 7.400822, 7.180254, 6.949413, 6.714341, 6.470809, 6.217609, 5.973473, 5.722086, 5.488828, 5.384888, 5.378241, 5.367968, 5.358299, 5.349839, 5.345005, 5.334127, 5.322646, 5.315998, 5.305121, 5.301495, 5.292431, 5.282762, 5.272489, 5.26282, 5.251943, 5.241065, 5.230793, 5.22052, 5.213873, 5.202391, 5.19393, 5.186679, 5.178823, 5.171571, 5.167341, 5.161903, 5.159486, 5.157673, 5.154651, 5.158881, 5.156464, 5.155256, 5.156464, 5.15586, 5.154651, 5.149817, 5.150874, 5.152234, 5.154651, 5.152234, 5.154047, 5.151025, 5.152234, 5.152234, 5.154651, 5.152234, 5.155256, 5.154651, 5.154047, 5.15586, 5.15163, 5.154047, 5.153443, 5.154047, 5.154047, 5.149817, 5.020497, 4.828935, 4.610784, 4.389611, 4.145475, 3.912822, 3.66506, 3.417298, 3.16727, 2.915127, 2.654071, 2.386972, 2.121082, 1.843105, 1.573589, 1.296821, 1.013406, 0.734825, 0.448992, 0.157721, 0.046531, 0.044718, 0.044114, 0.045322]",29.06676,1.060387,42.6,34,5.15,0.03,49.0,48.8927
2025-09-14T13:32:10,995.35,"[0.0, 3.000083, 3.005347, 3.241537, 3.448122, 3.657338, 3.864581, 4.065903, 4.270514, 4.473809, 4.683683, 4.883688, 5.093562, 5.30541, 5.506074, 5.713974, 5.923191, 6.120564, 6.325175, 6.532418, 6.740977, 6.94164, 7.154804, 7.357441, 7.561394, 7.763374, 7.966669, 8.176543, 8.381154, 8.587739, 8.794981, 9.002882, 9.206835, 9.407497, 9.613425, 9.823299, 10.027911, 10.230547, 10.435159, 10.64569, 10.849643, 11.057544, 11.256233, 11.466765, 11.669402, 11.874672, 12.081257, 12.289157, 12.49311, 12.696405, 12.901016, 13.106943, 13.312212, 13.519455, 13.720117, 13.931966, 14.136577, 14.339873, 14.545799, 14.749751, 14.960283, 15.168842, 15.36967, 15.573459, 15.778728, 15.977417, 16.178738, 16.378745, 16.582697, 16.787309, 16.983366, 17.18403, 17.381404, 17.579437, 17.774178, 17.966289, 18.157741, 18.349194, 18.538672, 18.728809, 18.913683, 19.093951, 19.280141, 19.457779, 19.628177, 19.79726, 19.972266, 20.13477, 20.301221, 20.461752, 20.621626, 20.778209, 20.934792, 21.080355, 21.226904, 21.37691, 21.520993, 21.663103, 21.801923, 21.942058, 22.076927, 22.216406, 22.353252, 22.488124, 22.647997, 22.852608, 23.050639, 23.25591, 23.458545, 23.661842, 23.868427, 24.070406, 24.272383, 24.473048, 24.677002, 24.878323, 25.082933, 25.284256, 25.491496, 25.692819, 25.896112, 26.098752, 26.299414, 26.503366, 26.707155, 26.910614, 27.114569, 27.314572, 27.519843, 27.727084, 27.92709, 28.13302, 28.338287, 28.544873, 28.74422, 28.954092, 29.159363, 29.365948, 29.575165, 29.775827, 29.980438, 30.187021, 30.391635, 30.596243, 30.80546, 31.012704, 31.215341, 31.419293, 31.623904, 31.833121, 32.03576, 32.244318, 32.4509, 32.654196, 32.854858, 33.064243, 33.27132, 33.473953, 33.683829, 33.885809, 34.095029, 34.295691, 34.464774, 34.620041, 34.754913, 34.898337, 35.040448, 35.186505, 35.320059, 35.46217, 35.593753, 35.734546, 35.862839, 35.993762, 36.126004, 36.259558, 36.383246, 36.514172, 36.643121, 36.768127, 36.895102, 37.022083, 37.129977, 37.131786, 37.134583]","[10.176357, 10.176357, 10.204154, 10.195694, 10.198715, 10.193881, 10.195695, 10.197507, 10.198716, 10.198111, 10.197507, 10.198715, 10.198111, 10.196902, 10.198111, 10.196298, 10.198715, 10.193277, 10.196298, 10.196298, 10.19509, 10.195694, 10.192068, 10.193277, 10.198111, 10.196298, 10.196903, 10.194485, 10.19509, 10.199319, 10.196902, 10.196902, 10.197507, 10.195694, 10.195694, 10.194485, 10.19509, 10.193277, 10.193881, 10.193881, 10.193881, 10.195694, 10.196298, 10.196298, 10.189046, 10.193881, 10.192068, 10.19509, 10.193277, 10.190256, 10.189047, 10.192673, 10.19509, 10.192068, 10.190255, 10.192068, 10.192068, 10.191464, 10.193881, 10.193277, 10.191464, 10.18663, 10.186932, 10.181191, 10.170918, 10.160645, 10.152789, 10.137682, 10.119553, 10.102633, 10.0839, 10.06154, 10.030118, 9.997485, 9.963644, 9.926178, 9.880856, 9.829491, 9.767852, 9.706818, 9.63249, 9.551514, 9.463287, 9.361765, 9.259035, 9.144823, 9.018524, 8.880746, 8.735713, 8.582222, 8.421479, 8.244421, 8.058901, 7.870209, 7.666109, 7.461252, 7.243101, 7.015885, 6.786857, 6.552994, 6.309462, 6.071369, 5.826025, 5.584306, 5.42598, 5.405434, 5.4006, 5.388514, 5.381866, 5.372802, 5.366155, 5.358904, 5.352256, 5.343797, 5.33594, 5.325063, 5.315998, 5.306329, 5.296057, 5.291826, 5.279136, 5.272489, 5.262216, 5.251339, 5.240763, 5.23321, 5.221124, 5.218102, 5.209642, 5.201786, 5.199973, 5.198161, 5.19393, 5.19393, 5.195139, 5.194535, 5.187888, 5.190305, 5.192118, 5.190305, 5.189096, 5.187887, 5.191513, 5.187887, 5.190909, 5.187888, 5.191513, 5.186679, 5.184866, 5.186679, 5.184262, 5.189096, 5.186074, 5.188492, 5.187888, 5.188643, 5.1897, 5.1897, 5.190909, 5.189096, 5.189096, 5.180032, 5.055547, 4.860359, 4.647646, 4.429495, 4.202884, 3.967208, 3.730324, 3.486188, 3.242656, 2.988852, 2.738069, 2.475804, 2.217165, 1.950066, 1.682362, 1.415867, 1.139099, 0.861123, 0.582542, 0.301544, 0.052574, 0.044567, 0.043509]",28.26004,2.254811,43.4,34,5.19,0.15,49.0,49.0331
2025-09-14T13:33:10,995.96,"[0.0, 3.019821, 3.020479, 3.259301, 3.465886, 3.674444, 3.878397, 4.091561, 4.290251, 4.493546, 4.698815, 4.91132, 5.119221, 5.320543, 5.525811, 5.73108, 5.940296, 6.143592, 6.343597, 6.554129, 6.75874, 6.962693, 7.170594, 7.375863, 7.579816, 7.781795, 7.987722, 8.194964, 8.404181, 8.604186, 8.81406, 9.017356, 9.225913, 9.425919, 9.63382, 9.840405, 10.046989, 10.250285, 10.459501, 10.665428, 10.867406, 11.072019, 11.273339, 11.485188, 11.683877, 11.894408, 12.09902, 12.304289, 12.512189, 12.716142, 12.92207, 13.125365, 13.333264, 13.53656, 13.747092, 13.951045, 14.156972, 14.357635, 14.56422, 14.767516, 14.9741, 15.175421, 15.380032, 15.586617, 15.79057, 15.993207, 16.188608, 16.395193, 16.593883, 16.795204, 16.995866, 17.197188, 17.393245, 17.586015, 17.787994, 17.974841, 18.166295, 18.360378, 18.549199, 18.734731, 18.916315, 19.095926, 19.276192, 19.451855, 19.627518, 19.797919, 19.968317, 20.135428, 20.299905, 20.458463, 20.616362, 20.76834, 20.922292, 21.075586, 21.216379, 21.367369, 21.509807, 21.650601, 21.788106, 21.928242, 22.061798, 22.199959, 22.335487, 22.481546, 22.652603, 22.857213, 23.061166, 23.265118, 23.462494, 23.666446, 23.875664, 24.077643, 24.280278, 24.484891, 24.686212, 24.886217, 25.094119, 25.294781, 25.496761, 25.702689, 25.905981, 26.107306, 26.309943, 26.512579, 26.714557, 26.920483, 27.121149, 27.323785, 27.529053, 27.734982, 27.934329, 28.14223, 28.348154, 28.555399, 28.758035, 28.968567, 29.171204, 29.37713, 29.58306, 29.783066, 29.990964, 30.197549, 30.400186, 30.608746, 30.815329, 31.022574, 31.224551, 31.432452, 31.63114, 31.840356, 32.048917, 32.255499, 32.46077, 32.667355, 32.875092, 33.073947, 33.28316, 33.492377, 33.691724, 33.900943, 34.104236, 34.288455, 34.442401, 34.590436, 34.731229, 34.874652, 35.01084, 35.154266, 35.289136, 35.427957, 35.565463, 35.698358, 35.829285, 35.965472, 36.095081, 36.227322, 36.350351, 36.476669, 36.601672, 36.729309, 36.860233, 36.983264, 37.038857]","[10.185033, 10.185033, 10.209808, 10.207391, 10.210413, 10.208448, 10.207391, 10.209204, 10.209203, 10.209808, 10.206786, 10.207391, 10.209808, 10.207995, 10.206182, 10.203162, 10.204369, 10.207391, 10.204369, 10.205579, 10.203766, 10.206183, 10.206183, 10.203766, 10.203765, 10.203765, 10.203161, 10.201952, 10.202557, 10.20014, 10.201348, 10.20014, 10.199535, 10.198326, 10.199535, 10.198931, 10.198931, 10.198326, 10.199535, 10.20014, 10.198931, 10.198326, 10.200744, 10.198931, 10.198327, 10.201348, 10.198327, 10.200744, 10.198931, 10.202557, 10.199535, 10.201348, 10.198931, 10.19893, 10.200744, 10.19591, 10.19591, 10.194701, 10.192888, 10.189867, 10.189867, 10.185637, 10.180803, 10.172948, 10.16207, 10.156028, 10.14213, 10.126872, 10.108894, 10.090766, 10.072034, 10.045446, 10.017649, 9.984414, 9.949971, 9.905858, 9.85933, 9.80434, 9.743309, 9.674422, 9.597075, 9.51731, 9.42244, 9.321526, 9.207318, 9.094318, 8.960775, 8.826021, 8.675557, 8.516634, 8.352876, 8.178844, 7.990915, 7.79513, 7.596928, 7.388756, 7.167895, 6.943709, 6.711668, 6.475397, 6.23127, 5.988352, 5.747851, 5.52004, 5.414896, 5.405832, 5.398581, 5.391934, 5.381662, 5.374409, 5.36595, 5.363533, 5.350239, 5.340571, 5.335133, 5.326068, 5.315796, 5.30794, 5.301293, 5.294042, 5.286186, 5.279539, 5.267454, 5.257181, 5.252951, 5.243283, 5.234219, 5.22878, 5.219716, 5.214278, 5.21186, 5.212465, 5.210652, 5.207026, 5.211256, 5.207026, 5.207027, 5.207631, 5.206422, 5.204609, 5.208235, 5.208235, 5.205214, 5.208235, 5.205818, 5.205214, 5.205214, 5.202797, 5.205214, 5.207631, 5.205214, 5.208839, 5.204005, 5.206422, 5.206573, 5.208839, 5.208235, 5.207631, 5.205818, 5.209443, 5.210048, 5.136326, 4.956253, 4.752008, 4.53024, 4.306054, 4.081264, 3.842576, 3.607514, 3.360366, 3.116844, 2.860632, 2.610462, 2.351229, 2.08837, 1.823698, 1.551775, 1.282269, 1.009741, 0.731171, 0.45381, 0.174031, 0.045321]",29.0217,1.989512,43.4,34,5.21,0.26,49.0,49.71615
2025-09-14T13:34:10,997.03,"[0.0, 3.0264, 3.027058, 3.271143, 3.474438, 3.685629, 3.89024, 4.094851, 4.302093, 4.505389, 4.712631, 4.918558, 5.126458, 5.332385, 5.536996, 5.746212, 5.951481, 6.15346, 6.360045, 6.565971, 6.769925, 6.971904, 7.177173, 7.383757, 7.592974, 7.794296, 8.002196, 8.206807, 8.412733, 8.618661, 8.823271, 9.029198, 9.23644, 9.437104, 9.641715, 9.849615, 10.051595, 10.261469, 10.464764, 10.673981, 10.87925, 11.085012, 11.288471, 11.497688, 11.694404, 11.909541, 12.112179, 12.316132, 12.523374, 12.727327, 12.931281, 13.132602, 13.344449, 13.551692, 13.749724, 13.957623, 14.160919, 14.371451, 14.573431, 14.774753, 14.98331, 15.183316, 15.392534, 15.595828, 15.801755, 16.000444, 16.201108, 16.403087, 16.604408, 16.804414, 17.005736, 17.207056, 17.403444, 17.601805, 17.799178, 17.986684, 18.178137, 18.367615, 18.558409, 18.745915, 18.925526, 19.110399, 19.293298, 19.470935, 19.643967, 19.811734, 19.98345, 20.152533, 20.316354, 20.474254, 20.632809, 20.789394, 20.942686, 21.091376, 21.232826, 21.382172, 21.52823, 21.669023, 21.807841, 21.949951, 22.084822, 22.219696, 22.358516, 22.502599, 22.66971, 22.868398, 23.071692, 23.280251, 23.48289, 23.685526, 23.888821, 24.095406, 24.296729, 24.500021, 24.698712, 24.902666, 25.107935, 25.308598, 25.517157, 25.715845, 25.92309, 26.124408, 26.32507, 26.52442, 26.733636, 26.932986, 27.134964, 27.339575, 27.541556, 27.749454, 27.952094, 28.159498, 28.363947, 28.567899, 28.767905, 28.98107, 29.186993, 29.394894, 29.595557, 29.801486, 30.006754, 30.210709, 30.418607, 30.624533, 30.829803, 31.03573, 31.243631, 31.444952, 31.652853, 31.858121, 32.062073, 32.265369, 32.479849, 32.681171, 32.889069, 33.086447, 33.29566, 33.498956, 33.707516, 33.912125, 34.117392, 34.308847, 34.460825, 34.610831, 34.751624, 34.893732, 35.033868, 35.175977, 35.312823, 35.451639, 35.585199, 35.720071, 35.853629, 35.986526, 36.116135, 36.247717, 36.37338, 36.502332, 36.626675, 36.75694, 36.877997, 37.006952, 37.097083]","[10.190298, 10.190298, 10.220509, 10.221718, 10.224135, 10.223531, 10.222322, 10.223531, 10.219905, 10.221114, 10.223531, 10.221718, 10.222926, 10.223531, 10.221114, 10.220509, 10.221718, 10.218697, 10.219905, 10.224135, 10.222322, 10.218092, 10.221718, 10.221718, 10.219905, 10.219905, 10.218092, 10.221718, 10.220509, 10.222926, 10.218697, 10.217488, 10.218697, 10.218697, 10.218697, 10.219301, 10.218092, 10.218092, 10.219301, 10.213863, 10.217488, 10.217488, 10.218697, 10.219301, 10.215071, 10.213863, 10.213258, 10.211446, 10.216884, 10.213258, 10.21205, 10.211446, 10.210841, 10.211446, 10.210237, 10.209633, 10.21205, 10.20782, 10.206007, 10.200569, 10.20359, 10.193923, 10.190298, 10.181839, 10.172171, 10.164317, 10.149211, 10.135313, 10.122624, 10.102685, 10.084557, 10.057972, 10.028667, 10.001779, 9.961296, 9.917792, 9.875495, 9.821115, 9.7619, 9.699061, 9.618699, 9.541357, 9.449515, 9.350422, 9.24287, 9.126858, 9.003595, 8.865831, 8.715983, 8.560696, 8.392721, 8.220516, 8.036227, 7.845895, 7.641666, 7.437437, 7.218707, 6.99333, 6.767953, 6.5317, 6.287592, 6.044693, 5.803002, 5.577625, 5.459196, 5.451341, 5.446507, 5.434422, 5.427172, 5.422338, 5.407837, 5.401794, 5.395752, 5.386084, 5.375813, 5.372792, 5.361311, 5.355269, 5.343184, 5.332912, 5.325661, 5.317807, 5.306327, 5.298472, 5.293638, 5.285178, 5.276115, 5.270073, 5.260405, 5.258593, 5.255571, 5.25678, 5.253154, 5.251946, 5.250738, 5.248925, 5.253155, 5.250134, 5.249529, 5.249529, 5.251342, 5.249529, 5.249529, 5.250134, 5.246508, 5.249529, 5.247717, 5.250133, 5.249529, 5.245904, 5.247717, 5.250134, 5.252551, 5.250134, 5.246508, 5.246508, 5.250134, 5.248321, 5.246508, 5.250134, 5.248925, 5.190919, 5.018715, 4.816298, 4.600589, 4.378837, 4.151043, 3.914186, 3.683371, 3.435034, 3.188509, 2.940171, 2.684583, 2.423557, 2.16676, 1.900296, 1.635644, 1.364346, 1.093652, 0.813895, 0.535346, 0.256192, 0.045317]",28.62398,2.111609,44.4,34,5.25,0.26,48.0,48.13011
2025-09-14T13:41:10,989.55,"[0.0, 3.039558, 3.042848, 3.287591, 3.500097, 3.699445, 3.908003, 4.116562, 4.317883, 4.523152, 4.725131, 4.936321, 5.143564, 5.347517, 5.55147, 5.75937, 5.971877, 6.169908, 6.373861, 6.579788, 6.788347, 6.989668, 7.198884, 7.402179, 7.607449, 7.812059, 8.014039, 8.22457, 8.430498, 8.633134, 8.838403, 9.041041, 9.250256, 9.45421, 9.660136, 9.864748, 10.072648, 10.275943, 10.482528, 10.690428, 10.894382, 11.096361, 11.302945, 11.508214, 11.712826, 11.920726, 12.124021, 12.327974, 12.537189, 12.743775, 12.945753, 13.15168, 13.354976, 13.56156, 13.769461, 13.978677, 14.179341, 14.383952, 14.588564, 14.78791, 14.999759, 15.201738, 15.39977, 15.608986, 15.814255, 16.01097, 16.212292, 16.407692, 16.614278, 16.809677, 17.005405, 17.210347, 17.400482, 17.602463, 17.789967, 17.981421, 18.1709, 18.359721, 18.542621, 18.730124, 18.911052, 19.090662, 19.268956, 19.442645, 19.610411, 19.775548, 19.942001, 20.107794, 20.265695, 20.423595, 20.578203, 20.732156, 20.882817, 21.032162, 21.170982, 21.312433, 21.453229, 21.593364, 21.731525, 21.865738, 22.000612, 22.144529, 22.280226, 22.440099, 22.643391, 22.847345, 23.044061, 23.251305, 23.45723, 23.662498, 23.865796, 24.070404, 24.272385, 24.478969, 24.675027, 24.883586, 25.080301, 25.288203, 25.494785, 25.698083, 25.90401, 26.104672, 26.302704, 26.506656, 26.713242, 26.915878, 27.115884, 27.321811, 27.525107, 27.731033, 27.934985, 28.140915, 28.349472, 28.552768, 28.758035, 28.963962, 29.171204, 29.375818, 29.580426, 29.785696, 29.988333, 30.19689, 30.404791, 30.610718, 30.812698, 31.018625, 31.227841, 31.432452, 31.637064, 31.837726, 32.048257, 32.256158, 32.462744, 32.668671, 32.872623, 33.071313, 33.281186, 33.483823, 33.690408, 33.893704, 34.046997, 34.200952, 34.348322, 34.491089, 34.631885, 34.768073, 34.904916, 35.041107, 35.179922, 35.315454, 35.444403, 35.578619, 35.713492, 35.845074, 35.969421, 36.100345, 36.227319, 36.351669, 36.472723, 36.599042, 36.705624]","[10.142734, 10.142734, 10.17476, 10.178386, 10.17899, 10.177782, 10.180199, 10.177177, 10.17899, 10.177782, 10.174156, 10.177177, 10.177782, 10.174155, 10.175365, 10.179594, 10.180199, 10.178386, 10.17476, 10.174156, 10.177177, 10.17476, 10.172947, 10.17476, 10.171738, 10.167509, 10.171739, 10.169926, 10.169926, 10.171134, 10.172343, 10.168717, 10.169926, 10.17053, 10.168717, 10.172343, 10.165696, 10.166904, 10.168718, 10.165696, 10.165092, 10.165696, 10.163883, 10.164487, 10.163279, 10.163279, 10.165092, 10.160258, 10.160862, 10.16207, 10.163279, 10.158445, 10.160258, 10.1663, 10.16207, 10.163883, 10.160258, 10.157236, 10.154819, 10.150589, 10.147568, 10.137296, 10.130044, 10.124606, 10.115541, 10.100434, 10.082307, 10.065991, 10.045446, 10.021879, 9.999974, 9.969307, 9.937885, 9.90042, 9.859933, 9.807362, 9.751164, 9.690133, 9.623058, 9.545711, 9.460509, 9.368659, 9.267141, 9.160789, 9.03933, 8.911224, 8.771636, 8.618755, 8.463457, 8.299699, 8.120229, 7.934718, 7.74558, 7.544357, 7.335278, 7.116531, 6.893554, 6.665743, 6.431889, 6.191993, 5.943636, 5.703588, 5.474115, 5.332111, 5.318213, 5.308544, 5.301293, 5.298876, 5.291625, 5.285582, 5.278935, 5.270475, 5.265036, 5.255368, 5.245096, 5.24147, 5.233614, 5.222133, 5.217299, 5.207026, 5.202797, 5.195545, 5.185272, 5.178021, 5.167749, 5.16654, 5.160498, 5.156268, 5.153246, 5.151433, 5.150829, 5.14962, 5.144786, 5.146599, 5.147807, 5.14539, 5.147203, 5.145994, 5.14539, 5.146599, 5.146599, 5.144182, 5.144181, 5.143578, 5.14539, 5.14539, 5.145994, 5.142973, 5.144786, 5.147808, 5.142369, 5.145391, 5.144182, 5.143577, 5.14539, 5.145994, 5.143577, 5.144786, 5.145995, 5.124241, 4.973928, 4.77497, 4.570122, 4.354396, 4.128398, 3.894544, 3.667337, 3.422606, 3.180897, 2.933749, 2.684788, 2.430389, 2.168738, 1.911922, 1.644229, 1.38137, 1.111259, 0.836315, 0.564996, 0.280383, 0.046529]",30.29523,1.282355,86.9,0,5.34,-10.35,49.0,50.54461
2025-09-14T13:42:10,986.04,"[0.0, 3.039558, 3.046137, 3.438253, 3.645496, 3.847475, 4.055376, 4.264592, 4.464598, 4.67036, 4.881715, 5.088299, 5.289621, 5.496205, 5.70279, 5.907401, 6.112669, 6.316623, 6.519918, 6.726503, 6.931113, 7.140987, 7.347572, 7.55021, 7.750215, 7.959431, 8.166016, 8.372601, 8.577213, 8.784454, 8.992355, 9.196308, 9.40026, 9.602898, 9.808167, 10.015409, 10.221336, 10.429565, 10.637795, 10.837801, 11.046359, 11.247023, 11.450976, 11.660193, 11.868093, 12.07073, 12.27863, 12.482584, 12.686536, 12.891147, 13.0951, 13.302342, 13.505638, 13.716171, 13.920123, 14.127367, 14.330003, 14.52935, 14.734619, 14.941862, 15.142526, 15.34911, 15.554379, 15.753726, 15.959654, 16.157684, 16.359007, 16.560986, 16.756222, 16.955075, 17.153764, 17.355745, 17.547855, 17.738651, 17.929445, 18.117609, 18.309718, 18.494592, 18.680124, 18.862366, 19.04395, 19.218954, 19.395276, 19.566331, 19.733443, 19.898581, 20.063715, 20.225562, 20.382802, 20.537413, 20.697945, 20.842683, 20.993346, 21.141377, 21.27625, 21.420332, 21.561124, 21.697971, 21.835475, 21.967716, 22.105876, 22.247986, 22.407858, 22.607863, 22.813133, 23.008533, 23.217091, 23.41907, 23.619736, 23.826979, 24.035536, 24.238832, 24.437521, 24.634895, 24.840822, 25.045432, 25.248727, 25.452679, 25.656631, 25.862561, 26.060593, 26.265204, 26.469156, 26.672452, 26.875745, 27.077725, 27.282993, 27.488263, 27.69353, 27.896826, 28.104727, 28.305392, 28.514609, 28.717902, 28.923828, 29.128439, 29.338315, 29.544241, 29.746878, 29.954779, 30.1561, 30.358737, 30.568613, 30.771909, 30.981781, 31.188367, 31.385083, 31.594299, 31.799567, 32.009442, 32.213394, 32.419321, 32.625247, 32.828543, 33.033813, 33.23645, 33.444348, 33.647644, 33.853571, 34.020023, 34.171344, 34.31263, 34.460168, 34.599643, 34.73649, 34.873996, 35.013474, 35.147687, 35.284531, 35.412823, 35.547699, 35.680594, 35.813495, 35.943103, 36.071396, 36.201007, 36.3293, 36.449698, 36.575357, 36.695758, 36.722073]","[10.136691, 10.136691, 10.16207, 10.161466, 10.163279, 10.162675, 10.163883, 10.165092, 10.158445, 10.162373, 10.156632, 10.162675, 10.159653, 10.157236, 10.159049, 10.158445, 10.157236, 10.156632, 10.153611, 10.153007, 10.154215, 10.151798, 10.155424, 10.155424, 10.154819, 10.154215, 10.152402, 10.148776, 10.153611, 10.154215, 10.153611, 10.148173, 10.151194, 10.152402, 10.152402, 10.155424, 10.153611, 10.151043, 10.152402, 10.154819, 10.154819, 10.151193, 10.155424, 10.153007, 10.153611, 10.151798, 10.148776, 10.152402, 10.153611, 10.151194, 10.14938, 10.151798, 10.149381, 10.149381, 10.15059, 10.147568, 10.142734, 10.140317, 10.139108, 10.131253, 10.12521, 10.124606, 10.11252, 10.100434, 10.087141, 10.073846, 10.055718, 10.03759, 10.018103, 9.991666, 9.96266, 9.933051, 9.89619, 9.856913, 9.806757, 9.754185, 9.695571, 9.628497, 9.555984, 9.471385, 9.387996, 9.289499, 9.175896, 9.061688, 8.935999, 8.80185, 8.66045, 8.504548, 8.343811, 8.170385, 7.990915, 7.797547, 7.599346, 7.393893, 7.178167, 6.956399, 6.729192, 6.495942, 6.257858, 6.023098, 5.775647, 5.544211, 5.386496, 5.372597, 5.367159, 5.356886, 5.348426, 5.343592, 5.335737, 5.328485, 5.321234, 5.312774, 5.304919, 5.298272, 5.292833, 5.284978, 5.279539, 5.267453, 5.259598, 5.251138, 5.247513, 5.234219, 5.228176, 5.217299, 5.212465, 5.209443, 5.202797, 5.197962, 5.20038, 5.198566, 5.199171, 5.194336, 5.196149, 5.194337, 5.190711, 5.193128, 5.191919, 5.193128, 5.192524, 5.191315, 5.192524, 5.191315, 5.189502, 5.193732, 5.191315, 5.188898, 5.186481, 5.190711, 5.187085, 5.190106, 5.190107, 5.188293, 5.187085, 5.193128, 5.190711, 5.188293, 5.188898, 5.188294, 5.175604, 5.042664, 4.849297, 4.642333, 4.428722, 4.204536, 3.970078, 3.745288, 3.504787, 3.263682, 3.014117, 2.768178, 2.513778, 2.258171, 1.99652, 1.730035, 1.465968, 1.203713, 0.932394, 0.650198, 0.376462, 0.099705, 0.044716]",29.45997,1.800363,89.6,0,5.39,-10.3,48.0,50.58386
2025-09-14T13:43:10,990.01,"[0.0, 3.049427, 3.047453, 3.292855, 3.484307, 3.694839, 3.901424, 4.106693, 4.31262, 4.513941, 4.723816, 4.929742, 5.133695, 5.342253, 5.544891, 5.755423, 5.959376, 6.162014, 6.367282, 6.574196, 6.77782, 6.982431, 7.192305, 7.394942, 7.6035, 7.804164, 8.012065, 8.212728, 8.424576, 8.628529, 8.835772, 9.039066, 9.25223, 9.449605, 9.653558, 9.86409, 10.070016, 10.272653, 10.479238, 10.683849, 10.889118, 11.091097, 11.295708, 11.504267, 11.710851, 11.916779, 12.125337, 12.324356, 12.533242, 12.739828, 12.940491, 13.146419, 13.352344, 13.560902, 13.765514, 13.97144, 14.178683, 14.383952, 14.586589, 14.78857, 14.997127, 15.202396, 15.400427, 15.609645, 15.81228, 16.014261, 16.211635, 16.414272, 16.61362, 16.814282, 17.009026, 17.21232, 17.409036, 17.605751, 17.799837, 17.985368, 18.17748, 18.362352, 18.55479, 18.740652, 18.918289, 19.097899, 19.276192, 19.454488, 19.622913, 19.791339, 19.957791, 20.122269, 20.286089, 20.442017, 20.599257, 20.753209, 20.904527, 21.053874, 21.197957, 21.33875, 21.482175, 21.622971, 21.762447, 21.897319, 22.038112, 22.171669, 22.311804, 22.462466, 22.665103, 22.861819, 23.065771, 23.271698, 23.477626, 23.682236, 23.884875, 24.0908, 24.293436, 24.497391, 24.696738, 24.900034, 25.106618, 25.305966, 25.510574, 25.719794, 25.915851, 26.122437, 26.321783, 26.527051, 26.731006, 26.933643, 27.135623, 27.341547, 27.546158, 27.755377, 27.956039, 28.15802, 28.367892, 28.571844, 28.777774, 28.983701, 29.190283, 29.398843, 29.600165, 29.800171, 30.008072, 30.214655, 30.42124, 30.625848, 30.829803, 31.04231, 31.248236, 31.450214, 31.656143, 31.861411, 32.062732, 32.271292, 32.480508, 32.681827, 32.889728, 33.091049, 33.298953, 33.500931, 33.710147, 33.914755, 34.084497, 34.234503, 34.381219, 34.524643, 34.66478, 34.797018, 34.94176, 35.076633, 35.216769, 35.349664, 35.485852, 35.616943, 35.751651, 35.87731, 36.007578, 36.138501, 36.268115, 36.391141, 36.517459, 36.638519, 36.761548, 36.805627]","[10.124992, 10.124992, 10.152186, 10.146142, 10.143121, 10.144329, 10.144933, 10.146142, 10.144329, 10.146746, 10.144933, 10.146142, 10.144329, 10.144933, 10.143725, 10.143725, 10.145538, 10.143121, 10.143121, 10.142365, 10.142516, 10.143725, 10.144329, 10.143121, 10.144933, 10.147955, 10.143725, 10.141308, 10.146746, 10.141912, 10.145538, 10.144329, 10.144933, 10.144329, 10.144329, 10.141912, 10.142516, 10.141308, 10.144933, 10.143725, 10.144933, 10.143725, 10.143121, 10.144933, 10.143121, 10.144329, 10.142516, 10.144631, 10.143121, 10.141912, 10.144933, 10.141308, 10.142516, 10.143121, 10.143121, 10.143725, 10.140099, 10.140099, 10.137682, 10.136474, 10.132243, 10.123179, 10.120158, 10.10928, 10.101424, 10.088129, 10.075439, 10.055498, 10.042203, 10.021658, 9.995068, 9.967875, 9.942494, 9.89838, 9.859101, 9.81257, 9.763018, 9.70561, 9.643065, 9.569643, 9.483228, 9.399836, 9.300731, 9.194375, 9.080767, 8.955678, 8.822732, 8.677701, 8.51998, 8.362862, 8.188825, 8.01237, 7.818391, 7.62139, 7.419555, 7.202008, 6.983253, 6.758455, 6.522175, 6.284081, 6.043571, 5.801853, 5.566177, 5.397578, 5.374615, 5.363134, 5.360112, 5.354069, 5.346214, 5.33594, 5.33171, 5.323854, 5.3163, 5.312373, 5.304517, 5.297869, 5.291222, 5.280949, 5.274302, 5.264633, 5.261007, 5.25436, 5.243483, 5.235627, 5.229584, 5.222333, 5.219915, 5.211455, 5.210851, 5.207225, 5.204808, 5.205412, 5.2036, 5.202391, 5.202391, 5.202995, 5.202995, 5.199974, 5.202995, 5.199369, 5.204808, 5.205412, 5.202391, 5.205412, 5.200578, 5.199369, 5.199974, 5.198765, 5.198161, 5.198765, 5.199974, 5.198765, 5.201182, 5.198765, 5.196348, 5.197556, 5.195744, 5.198161, 5.197556, 5.187283, 5.071258, 4.881509, 4.677861, 4.460918, 4.237329, 4.008904, 3.77625, 3.534532, 3.29523, 3.045655, 2.80152, 2.546355, 2.291493, 2.032854, 1.768777, 1.502282, 1.235182, 0.964458, 0.682855, 0.409109, 0.130528, 0.043509]",29.25258,1.39,90.6,0,5.39,-10.37,49.0,50.01141
2025-09-14T13:44:10,986.35,"[0.0, 3.042848, 3.04219, 3.29417, 3.481676, 3.689576, 3.893529, 4.100772, 4.30604, 4.509336, 4.715263, 4.924479, 5.12909, 5.331727, 5.537983, 5.74687, 5.956086, 6.15675, 6.359387, 6.565314, 6.775846, 6.981773, 7.185068, 7.390337, 7.596264, 7.798243, 8.003512, 8.212728, 8.417339, 8.622608, 8.830508, 9.03512, 9.243678, 9.442368, 9.64961, 9.855537, 10.059489, 10.264758, 10.46937, 10.681217, 10.886487, 11.083861, 11.293076, 11.49703, 11.702299, 11.907567, 12.113495, 12.320737, 12.526006, 12.734563, 12.935228, 13.14247, 13.345766, 13.550377, 13.760251, 13.964204, 14.165524, 14.373425, 14.579352, 14.785278, 14.991864, 15.195816, 15.398454, 15.599776, 15.808992, 16.010971, 16.20703, 16.40835, 16.609671, 16.814282, 17.009026, 17.211661, 17.407062, 17.602463, 17.797205, 17.986026, 18.179453, 18.370247, 18.553804, 18.744598, 18.927499, 19.105792, 19.282773, 19.461067, 19.630809, 19.800549, 19.972266, 20.137401, 20.29859, 20.459778, 20.614389, 20.771631, 20.926897, 21.071637, 21.215062, 21.360461, 21.505203, 21.640732, 21.784816, 21.923634, 22.058507, 22.193379, 22.327594, 22.478914, 22.670366, 22.872345, 23.074983, 23.278606, 23.484865, 23.689474, 23.894084, 24.096063, 24.299359, 24.50397, 24.704634, 24.909244, 25.107277, 25.314519, 25.521103, 25.722424, 25.926379, 26.128357, 26.329678, 26.53363, 26.735611, 26.936932, 27.140884, 27.345496, 27.555371, 27.755377, 27.956039, 28.16723, 28.372498, 28.575134, 28.784351, 28.99028, 29.197522, 29.401474, 29.603455, 29.808722, 30.013992, 30.220578, 30.424527, 30.633087, 30.838354, 31.040994, 31.249551, 31.455478, 31.65943, 31.865359, 32.071945, 32.275897, 32.4884, 32.690378, 32.900256, 33.098947, 33.309476, 33.511456, 33.717386, 33.921335, 34.10621, 34.260818, 34.404245, 34.550302, 34.687805, 34.828601, 34.965607, 35.107553, 35.245059, 35.380588, 35.511511, 35.648358, 35.779285, 35.910208, 36.03916, 36.166794, 36.298376, 36.420093, 36.547067, 36.673386, 36.797073, 36.883261, 36.888525]","[10.106863, 10.106863, 10.131035, 10.123783, 10.125597, 10.12197, 10.125597, 10.121366, 10.123179, 10.120158, 10.124387, 10.126201, 10.123783, 10.123179, 10.124237, 10.123179, 10.123179, 10.125596, 10.121366, 10.121366, 10.121366, 10.123783, 10.123784, 10.123783, 10.12318, 10.124387, 10.125596, 10.122575, 10.12318, 10.123784, 10.12197, 10.123179, 10.117741, 10.123179, 10.122575, 10.120158, 10.118345, 10.117741, 10.118949, 10.119553, 10.118949, 10.118949, 10.120762, 10.122575, 10.118345, 10.117136, 10.115928, 10.118949, 10.117136, 10.118345, 10.112906, 10.115324, 10.111698, 10.117136, 10.11351, 10.111093, 10.112302, 10.10928, 10.112906, 10.111697, 10.110489, 10.10505, 10.102029, 10.092964, 10.082691, 10.074231, 10.058518, 10.045225, 10.029513, 10.010175, 9.990838, 9.959414, 9.935242, 9.902006, 9.86031, 9.817405, 9.768456, 9.710444, 9.652431, 9.585355, 9.501962, 9.415548, 9.32309, 9.22459, 9.109772, 8.989518, 8.858385, 8.721815, 8.570136, 8.409393, 8.245025, 8.063735, 7.878821, 7.684237, 7.484819, 7.271503, 7.055164, 6.83097, 6.597108, 6.36264, 6.122131, 5.877994, 5.647757, 5.4429, 5.392744, 5.388514, 5.379449, 5.375975, 5.366155, 5.358299, 5.351652, 5.342588, 5.337753, 5.332314, 5.324458, 5.317207, 5.308142, 5.302704, 5.296661, 5.290618, 5.282762, 5.272489, 5.265842, 5.256777, 5.249526, 5.242878, 5.23744, 5.229584, 5.228376, 5.228375, 5.222332, 5.219311, 5.219311, 5.219311, 5.218102, 5.218102, 5.219311, 5.216894, 5.21629, 5.216894, 5.22052, 5.218707, 5.215685, 5.215081, 5.21629, 5.216894, 5.217498, 5.221124, 5.218102, 5.221729, 5.219311, 5.216894, 5.219915, 5.218707, 5.222332, 5.217498, 5.216894, 5.218707, 5.218707, 5.22052, 5.137127, 4.963694, 4.758232, 4.540081, 4.329182, 4.097736, 3.869765, 3.629406, 3.393731, 3.145364, 2.894581, 2.64682, 2.393619, 2.131959, 1.87332, 1.602595, 1.333079, 1.065979, 0.795254, 0.517278, 0.239906, 0.046531, 0.046531]",29.03821,2.391942,92.9,0,5.41,-10.35,48.0,49.75066
2025-09-14T13:50:10,979.82,"[0.0, 3.013242, 3.020479, 3.273775, 3.484965, 3.696813, 3.898792, 4.113272, 4.322489, 4.525784, 4.736974, 4.950138, 5.158696, 5.366597, 5.575154, 5.785029, 5.993587, 6.198198, 6.410705, 6.617289, 6.828479, 7.036379, 7.245596, 7.456786, 7.665344, 7.870613, 8.081145, 8.285592, 8.494973, 8.706821, 8.915379, 9.123279, 9.335786, 9.540396, 9.750271, 9.958171, 10.170677, 10.378577, 10.58911, 10.795695, 11.006227, 11.212811, 11.420712, 11.631244, 11.838486, 12.04836, 12.25692, 12.470084, 12.677325, 12.881937, 13.092468, 13.301027, 13.510243, 13.722749, 13.932623, 14.136906, 14.350398, 14.555009, 14.764226, 14.971468, 15.182658, 15.390559, 15.603065, 15.80965, 16.014919, 16.220847, 16.430061, 16.631383, 16.839284, 17.042578, 17.248506, 17.451143, 17.653122, 17.847206, 18.043922, 18.24919, 18.439986, 18.6367, 18.829469, 19.020923, 19.209087, 19.398566, 19.575545, 19.75976, 19.932132, 20.110426, 20.286089, 20.44991, 20.617679, 20.784294, 20.940712, 21.104535, 21.249931, 21.402568, 21.555203, 21.702577, 21.845343, 21.990744, 22.128905, 22.272328, 22.40786, 22.54931, 22.689447, 22.843399, 23.038141, 23.243407, 23.454597, 23.663159, 23.871059, 24.069089, 24.279622, 24.485547, 24.691475, 24.898059, 25.10596, 25.310571, 25.519128, 25.727029, 25.9323, 26.138882, 26.346125, 26.548764, 26.759955, 26.966537, 27.169174, 27.376419, 27.581027, 27.791562, 28.000119, 28.207361, 28.41658, 28.623822, 28.834354, 29.040939, 29.251471, 29.465948, 29.666614, 29.880435, 30.082413, 30.293604, 30.50611, 30.715326, 30.921912, 31.129813, 31.339029, 31.547586, 31.758118, 31.967993, 32.178525, 32.38577, 32.593668, 32.808479, 33.016046, 33.22066, 33.431192, 33.645013, 33.848965, 34.057523, 34.264108, 34.472009, 34.6457, 34.796362, 34.93847, 35.084528, 35.231241, 35.37598, 35.514801, 35.653622, 35.790469, 35.928632, 36.066135, 36.195743, 36.3293, 36.458908, 36.590488, 36.724045, 36.851022, 36.978659, 37.106952, 37.231955, 37.339853]","[10.01924, 10.01924, 10.045829, 10.047038, 10.044016, 10.042807, 10.04462, 10.042808, 10.044621, 10.044016, 10.043411, 10.042807, 10.038577, 10.039182, 10.03616, 10.042807, 10.039182, 10.034951, 10.035556, 10.035556, 10.033743, 10.033139, 10.033743, 10.033743, 10.030722, 10.033139, 10.032535, 10.029059, 10.030118, 10.036765, 10.031326, 10.028909, 10.033743, 10.0277, 10.030117, 10.028304, 10.025283, 10.029513, 10.028304, 10.029513, 10.031326, 10.0277, 10.0277, 10.030117, 10.030117, 10.029513, 10.025283, 10.029513, 10.028909, 10.028909, 10.030117, 10.029513, 10.028909, 10.030721, 10.026492, 10.032081, 10.030721, 10.028304, 10.028909, 10.0277, 10.028304, 10.029514, 10.028304, 10.024679, 10.018031, 10.009571, 10.001715, 9.988421, 9.973918, 9.955788, 9.939473, 9.916509, 9.890524, 9.859101, 9.823448, 9.788399, 9.740659, 9.689294, 9.634303, 9.566017, 9.492293, 9.414943, 9.324299, 9.225798, 9.118233, 9.002209, 8.87168, 8.736317, 8.586452, 8.427673, 8.265571, 8.086095, 7.898763, 7.703574, 7.499927, 7.291444, 7.067854, 6.846078, 6.607985, 6.366266, 6.121526, 5.87316, 5.633858, 5.43988, 5.404226, 5.397578, 5.392744, 5.381867, 5.378845, 5.369781, 5.361321, 5.354069, 5.346818, 5.334127, 5.32748, 5.320228, 5.312372, 5.304517, 5.297869, 5.291222, 5.279287, 5.272489, 5.263424, 5.25436, 5.244691, 5.238044, 5.236231, 5.222937, 5.224145, 5.216289, 5.216894, 5.218102, 5.216289, 5.210246, 5.213872, 5.210851, 5.211455, 5.210851, 5.212663, 5.212059, 5.214476, 5.213872, 5.214476, 5.213872, 5.211455, 5.216893, 5.214476, 5.210246, 5.215685, 5.216289, 5.210246, 5.216591, 5.211455, 5.215081, 5.219311, 5.216894, 5.217498, 5.219915, 5.219311, 5.207225, 5.076093, 4.878487, 4.666983, 4.450645, 4.216178, 3.986546, 3.743618, 3.500691, 3.253534, 2.999729, 2.748342, 2.486681, 2.223208, 1.9549, 1.690218, 1.41768, 1.140308, 0.861727, 0.578916, 0.291875, 0.054387]",29.1627,2.574436,84.7,15,5.43,-10.52,48.0,45.66404
2025-09-14T13:51:10,979.06,"[0.0, 2.993504, 3.000083, 3.250748, 3.46128, 3.670497, 3.877739, 4.088272, 4.298146, 4.506046, 4.71592, 4.923821, 5.134353, 5.344885, 5.55147, 5.763318, 5.97385, 6.176487, 6.387677, 6.591631, 6.806768, 7.014011, 7.223885, 7.432772, 7.642317, 7.84956, 8.056803, 8.268651, 8.478524, 8.683794, 8.894984, 9.106174, 9.315391, 9.517369, 9.72856, 9.937776, 10.146992, 10.354893, 10.569373, 10.773984, 10.981883, 11.188468, 11.395711, 11.606902, 11.818092, 12.024018, 12.237182, 12.444424, 12.654298, 12.860226, 13.068126, 13.279974, 13.485901, 13.698407, 13.906636, 14.114207, 14.326714, 14.531982, 14.738568, 14.95173, 15.158315, 15.366217, 15.574117, 15.785965, 15.994524, 16.199133, 16.407034, 16.608356, 16.817572, 17.01692, 17.222188, 17.425485, 17.624831, 17.820889, 18.0255, 18.218269, 18.417616, 18.606438, 18.808417, 18.991975, 19.180138, 19.365669, 19.542484, 19.723573, 19.905157, 20.079504, 20.247272, 20.41833, 20.57952, 20.743997, 20.907161, 21.066374, 21.213747, 21.363751, 21.517046, 21.662444, 21.805869, 21.9539, 22.091403, 22.231538, 22.372331, 22.508519, 22.654578, 22.825633, 23.026297, 23.234198, 23.440125, 23.646053, 23.853952, 24.063828, 24.268436, 24.476338, 24.681607, 24.888847, 25.095433, 25.302019, 25.509261, 25.714529, 25.920456, 26.130988, 26.33494, 26.540869, 26.744165, 26.955353, 27.158649, 27.363919, 27.573135, 27.783008, 27.987619, 28.193546, 28.407367, 28.614612, 28.825143, 29.03107, 29.242917, 29.450815, 29.652798, 29.862015, 30.071887, 30.284393, 30.491635, 30.698221, 30.912042, 31.122574, 31.329816, 31.537717, 31.747592, 31.956149, 32.165366, 32.373926, 32.588403, 32.795648, 33.000256, 33.210132, 33.420007, 33.630539, 33.840411, 34.046997, 34.254898, 34.448984, 34.612805, 34.760834, 34.908865, 35.052289, 35.197687, 35.340457, 35.477304, 35.618094, 35.75231, 35.894415, 36.027975, 36.162189, 36.295087, 36.424695, 36.555618, 36.684573, 36.811548, 36.945764, 37.071423, 37.200375, 37.256955, 37.256955, 37.251691, 37.25235, 37.254324]","[9.994687, 9.994687, 10.029735, 10.0249, 10.025505, 10.0249, 10.018858, 10.02067, 10.021275, 10.023692, 10.019461, 10.017648, 10.02067, 10.021879, 10.017044, 10.015231, 10.017649, 10.018253, 10.014023, 10.01644, 10.014627, 10.017045, 10.01644, 10.016591, 10.014627, 10.015836, 10.015231, 10.014627, 10.014627, 10.012814, 10.015836, 10.013419, 10.014023, 10.015231, 10.018253, 10.014627, 10.015836, 10.012814, 10.015231, 10.011002, 10.011606, 10.014627, 10.015836, 10.014023, 10.013419, 10.015836, 10.009793, 10.01221, 10.01644, 10.011002, 10.010397, 10.011606, 10.008585, 10.011002, 10.009038, 10.011002, 10.007376, 10.007376, 10.007376, 10.008585, 10.006772, 10.006168, 10.003751, 10.000125, 9.996499, 9.989852, 9.978976, 9.964473, 9.952388, 9.93728, 9.915527, 9.891356, 9.866581, 9.834554, 9.795881, 9.756602, 9.711282, 9.65448, 9.593449, 9.533626, 9.454466, 9.366242, 9.276356, 9.175896, 9.066522, 8.944459, 8.816353, 8.671327, 8.522676, 8.360126, 8.188512, 8.010252, 7.821719, 7.622308, 7.416855, 7.201733, 6.975131, 6.74732, 6.511653, 6.265714, 6.025213, 5.775043, 5.548441, 5.408854, 5.397977, 5.388308, 5.385287, 5.373806, 5.36595, 5.358699, 5.352656, 5.344801, 5.33332, 5.32909, 5.323046, 5.317004, 5.304314, 5.294646, 5.292833, 5.283165, 5.272288, 5.265641, 5.252347, 5.246304, 5.239053, 5.227571, 5.222738, 5.216695, 5.216695, 5.213069, 5.210048, 5.208839, 5.205818, 5.212465, 5.210048, 5.208235, 5.205818, 5.208235, 5.205214, 5.208235, 5.207026, 5.206422, 5.205818, 5.205214, 5.205818, 5.202797, 5.200984, 5.207027, 5.204609, 5.203401, 5.202797, 5.207026, 5.205818, 5.207026, 5.204005, 5.203401, 5.203401, 5.204609, 5.203401, 5.16231, 4.993113, 4.791286, 4.572539, 4.353188, 4.119938, 3.884271, 3.63954, 3.401456, 3.146453, 2.897492, 2.640072, 2.376608, 2.113145, 1.84666, 1.57232, 1.300397, 1.020618, 0.740235, 0.462269, 0.174031, 0.044112, 0.050759, 0.045925, 0.046529, 0.045321]",30.01528,1.102155,86.1,15,5.42,-10.5,48.0,47.86096
2025-09-14T13:52:10,979.37,"[0.0, 2.973767, 2.973767, 3.22509, 3.411937, 3.617206, 3.821159, 4.032349, 4.236302, 4.439597, 4.646181, 4.852108, 5.058035, 5.263962, 5.469889, 5.676473, 5.883058, 6.083722, 6.29228, 6.495575, 6.700844, 6.902824, 7.115329, 7.315334, 7.521262, 7.725873, 7.931142, 8.141674, 8.346284, 8.551553, 8.754848, 8.962749, 9.169334, 9.368681, 9.57066, 9.781851, 9.988435, 10.192388, 10.395026, 10.607531, 10.808853, 11.014122, 11.220706, 11.42466, 11.631245, 11.837829, 12.040466, 12.249024, 12.448537, 12.662194, 12.857594, 13.066151, 13.272079, 13.477348, 13.685905, 13.890518, 14.09447, 14.304346, 14.505008, 14.711594, 14.91752, 15.122789, 15.330031, 15.533984, 15.739911, 15.943205, 16.146501, 16.347165, 16.549802, 16.749808, 16.95047, 17.153767, 17.35114, 17.549171, 17.74852, 17.939314, 18.134056, 18.329456, 18.518936, 18.708415, 18.89855, 19.085399, 19.265337, 19.44725, 19.618967, 19.796602, 19.967001, 20.138718, 20.30451, 20.46899, 20.634784, 20.793999, 20.948608, 21.101903, 21.245985, 21.399277, 21.545993, 21.685471, 21.828896, 21.971005, 22.109167, 22.241408, 22.380885, 22.519705, 22.663129, 22.849977, 23.049982, 23.256566, 23.463152, 23.667763, 23.865137, 24.071721, 24.275015, 24.478311, 24.678317, 24.87964, 25.088196, 25.288203, 25.491496, 25.696765, 25.902036, 26.105988, 26.304678, 26.510605, 26.715872, 26.916537, 27.115225, 27.321152, 27.524448, 27.725769, 27.933014, 28.133676, 28.344867, 28.550134, 28.752771, 28.961987, 29.164624, 29.372525, 29.579111, 29.781747, 29.984384, 30.19426, 30.398212, 30.602167, 30.812698, 31.01731, 31.223236, 31.423898, 31.62522, 31.833121, 32.044968, 32.249582, 32.451559, 32.656827, 32.866702, 33.072632, 33.272635, 33.481192, 33.689752, 33.889755, 34.098972, 34.304242, 34.479907, 34.634515, 34.77399, 34.919391, 35.062817, 35.204266, 35.341769, 35.477301, 35.620068, 35.755597, 35.885864, 36.02337, 36.152979, 36.283901, 36.411539, 36.538513, 36.670099, 36.797073, 36.92471, 37.048398, 37.169452, 37.206955]","[10.000729, 10.000729, 10.021879, 10.023087, 10.023692, 10.021879, 10.024297, 10.024297, 10.023692, 10.023087, 10.023087, 10.026109, 10.021275, 10.02067, 10.018858, 10.022483, 10.020066, 10.019462, 10.022483, 10.021879, 10.021879, 10.02067, 10.023087, 10.018253, 10.021275, 10.021275, 10.020066, 10.018858, 10.019461, 10.020066, 10.019462, 10.015836, 10.015836, 10.012814, 10.010397, 10.007376, 10.009793, 10.009793, 10.00798, 10.006772, 10.002542, 10.006772, 10.005563, 10.004355, 10.004355, 10.005563, 10.003146, 10.007376, 10.002995, 10.003146, 10.003751, 10.006772, 10.009189, 10.007376, 10.006168, 10.007376, 10.006168, 10.004355, 10.004959, 10.004355, 10.006168, 10.004355, 10.004355, 10.00798, 10.000125, 9.997708, 9.988644, 9.977163, 9.96689, 9.948762, 9.930029, 9.915527, 9.891356, 9.863559, 9.835159, 9.798902, 9.759624, 9.711887, 9.661127, 9.60493, 9.53846, 9.46776, 9.388903, 9.297355, 9.199462, 9.096736, 8.980716, 8.853214, 8.720274, 8.57283, 8.414511, 8.253774, 8.080347, 7.89967, 7.701468, 7.503266, 7.297209, 7.077857, 6.857902, 6.623444, 6.38959, 6.150298, 5.912214, 5.663857, 5.452361, 5.390725, 5.38287, 5.375619, 5.367763, 5.36172, 5.348426, 5.341779, 5.33755, 5.332111, 5.32063, 5.314587, 5.303106, 5.295855, 5.291021, 5.281352, 5.270475, 5.265036, 5.255973, 5.247513, 5.238448, 5.231197, 5.223946, 5.21609, 5.209444, 5.204609, 5.203401, 5.199775, 5.197358, 5.197963, 5.196149, 5.195546, 5.192524, 5.197358, 5.194337, 5.194337, 5.194337, 5.194941, 5.19192, 5.194337, 5.193128, 5.192524, 5.191315, 5.192524, 5.190711, 5.190107, 5.190107, 5.190107, 5.191315, 5.190711, 5.19192, 5.188898, 5.188898, 5.191315, 5.191315, 5.19192, 5.191315, 5.186481, 5.088589, 4.902472, 4.697019, 4.483107, 4.262547, 4.026275, 3.793026, 3.556151, 3.310211, 3.060646, 2.809873, 2.559099, 2.298657, 2.035647, 1.774147, 1.50162, 1.235135, 0.957774, 0.678599, 0.400633, 0.119042, 0.045925]",28.92237,1.521391,88.2,15,5.41,-10.49,48.0,47.93478
2025-09-14T14:06:10,955.56,"[0.0, 2.838895, 2.838237, 3.088243, 3.292197, 3.49944, 3.703392, 3.911293, 4.115904, 4.32183, 4.521836, 4.731711, 4.936321, 5.144222, 5.348833, 5.555418, 5.760686, 5.969903, 6.171882, 6.379124, 6.58242, 6.785715, 6.991641, 7.198226, 7.403495, 7.608106, 7.810743, 8.011407, 8.208123, 8.411417, 8.613396, 8.820146, 9.026566, 9.229861, 9.433815, 9.636452, 9.844352, 10.045674, 10.253574, 10.461475, 10.660822, 10.873328, 11.068071, 11.273997, 11.483214, 11.683877, 11.892435, 12.095731, 12.302974, 12.5089, 12.71351, 12.915491, 13.123392, 13.326686, 13.535245, 13.737881, 13.943808, 14.151709, 14.362241, 14.559615, 14.764226, 14.970152, 15.178711, 15.382663, 15.586617, 15.795833, 15.997154, 16.202423, 16.409665, 16.611646, 16.818887, 17.026788, 17.232716, 17.441273, 17.641937, 17.835364, 18.031422, 18.226164, 18.414984, 18.609068, 18.793285, 18.979475, 19.159743, 19.347905, 19.520937, 19.695941, 19.867657, 20.037398, 20.208455, 20.36767, 20.532806, 20.695312, 20.849263, 21.001242, 21.15256, 21.301907, 21.447964, 21.590732, 21.73284, 21.875609, 22.015744, 22.149957, 22.286803, 22.427596, 22.581548, 22.778922, 22.977612, 23.184854, 23.387492, 23.591444, 23.79474, 23.996062, 24.200673, 24.40594, 24.601997, 24.807268, 25.009245, 25.215173, 25.417812, 25.615842, 25.823743, 26.026379, 26.229675, 26.425735, 26.634949, 26.83364, 27.038251, 27.240231, 27.441553, 27.646164, 27.854721, 28.051437, 28.258679, 28.467896, 28.669876, 28.875803, 29.085675, 29.288312, 29.492267, 29.700168, 29.90083, 30.104126, 30.315973, 30.517294, 30.728485, 30.931122, 31.140997, 31.33508, 31.544299, 31.750882, 31.957468, 32.162079, 32.369977, 32.575906, 32.781833, 32.983154, 33.189078, 33.395667, 33.600278, 33.802911, 34.011472, 34.217232, 34.403589, 34.553592, 34.700961, 34.848337, 34.994394, 35.131897, 35.27269, 35.416772, 35.549014, 35.682571, 35.819415, 35.954288, 36.087845, 36.219427, 36.346402, 36.475354, 36.60365, 36.733255, 36.862869, 36.985895, 37.056293]","[9.677053, 9.677053, 9.670278, 9.680743, 9.681287, 9.680621, 9.679533, 9.678323, 9.677476, 9.67675, 9.675903, 9.67554, 9.675238, 9.674028, 9.673968, 9.673483, 9.673786, 9.672939, 9.672878, 9.672758, 9.672273, 9.672818, 9.672576, 9.672456, 9.672516, 9.671911, 9.669854, 9.646143, 9.608276, 9.587407, 9.586198, 9.582539, 9.580995, 9.578334, 9.576641, 9.574282, 9.571922, 9.569684, 9.567507, 9.565087, 9.562608, 9.560248, 9.55807, 9.556256, 9.554684, 9.553837, 9.552989, 9.552989, 9.552627, 9.552444, 9.551295, 9.550812, 9.549966, 9.549663, 9.548936, 9.547485, 9.547122, 9.546275, 9.545851, 9.545126, 9.544097, 9.544158, 9.543916, 9.543493, 9.542101, 9.542222, 9.54198, 9.542343, 9.542283, 9.541859, 9.542283, 9.542464, 9.541981, 9.541557, 9.534056, 9.505869, 9.469576, 9.425297, 9.374304, 9.316598, 9.253205, 9.180013, 9.099986, 9.011188, 8.913438, 8.806796, 8.689568, 8.562177, 8.427347, 8.282597, 8.126051, 7.962186, 7.78598, 7.603304, 7.411552, 7.21091, 6.999123, 6.783857, 6.560168, 6.328858, 6.091982, 5.851296, 5.610005, 5.371798, 5.186097, 5.157365, 5.148594, 5.139762, 5.131112, 5.122462, 5.11357, 5.104316, 5.095968, 5.086834, 5.077338, 5.068022, 5.058042, 5.048787, 5.039048, 5.028462, 5.019086, 5.009045, 4.999186, 4.988842, 4.978801, 4.968336, 4.959202, 4.949403, 4.942265, 4.935067, 4.930833, 4.927687, 4.925328, 4.923695, 4.922425, 4.921276, 4.921336, 4.921215, 4.921094, 4.920549, 4.919945, 4.918916, 4.918795, 4.918069, 4.917888, 4.916618, 4.916134, 4.916013, 4.915831, 4.91559, 4.91571, 4.914924, 4.914924, 4.914682, 4.915287, 4.914924, 4.915468, 4.91565, 4.915952, 4.916436, 4.916134, 4.915575, 4.841127, 4.660446, 4.455207, 4.239502, 4.015874, 3.78535, 3.552467, 3.310813, 3.069098, 2.818189, 2.567099, 2.312258, 2.055663, 1.791628, 1.526322, 1.257206, 0.985368, 0.708812, 0.431832, 0.152856, -0.004839]",29.59375,2.710523,41.6,32,4.92,-1.92,50.0,49.0281
